directory_name,location
wing-it,San Francisco
dashworks,San Francisco
tutorcloud,
glowing-io,"Las Vegas, NV"
naborly,"Toronto, Canada"
emigre,Palo Alto
80-000-hours,"London, United Kingdom"
floobits,San Francisco
toolchest,Mountain View
response,San Francisco
saay,San Francisco
pollground,
algosurg-inc,"Mumbai, India"
terra,"London, United Kingdom"
medumo,Boston
codestream,New York
hopper,"Montreal, Canada"
agentnoon,"Toronto, Canada"
simmery,"Wallingford, CT"
metapacket,San Francisco
zbiotics,San Francisco
topmind,
launchpad-toys,San Francisco
taali-inc,New York
players-lounge,NY
ginkgo-bioworks,Boston
harmoney,"Mumbai, India"
complete,San Francisco
sublime-black,
instamenu,"Austin, TX"
goat-group,"Los Angeles, CA"
lovecast,San Francisco
noredink,San Francisco
mommazoo,"San Carlos, CA"
likebetter,"Cambridge, MA"
endpoint-health,Palo Alto
plexus,"London, United Kingdom"
flexengage,"Orlando, FL"
earbits,"Los Angeles, CA"
mino-games,"Montreal, Canada"
studyroom,
freckle-education,San Francisco
blabla-live,"Santa Clara, CA"
class-central,Mountain View
tule,"Davis, CA"
phiar,"Redwood City, CA"
schoolmint,San Francisco
roin-technologies,CA
vance,"Mumbai, India"
muse,"Los Angeles, CA"
mindstate-design-labs,"Pittsburgh, PA"
satchel,San Francisco
examedi,"Santiago, Chile"
bloomboard,"Pittsburgh, PA"
volk-wireless,
thinkature,
teachme,"Edmonton, Canada"
milky-way-ai,Singapore
mosa-mack-science,NY
demeanor-co,"Los Angeles, CA"
simplylisted,San Francisco
shipamax,"London, United Kingdom"
ivy-homes,"Bengaluru, India"
avalanche,San Francisco
nextera-robotics,Boston
stylebee,San Francisco
college-pulse,San Francisco
palifer,"San Jose, CA"
swing-education,"San Mateo, CA"
mednet,New York
lightly,"Zürich, Switzerland"
pine-park-health,"Oakland, CA"
simmer,San Francisco
sitenna,"Birmingham, United Kingdom"
rebellyous-foods,"Seattle, WA"
allotrope-medical,"Houston, TX"
hipmunk,San Francisco
sown-to-grow,"Oakland, CA"
drive-pulse,"Stanford, CA"
hepatx,Palo Alto
doppler,San Francisco
wabi,San Francisco
here,New York
sense,Boston
homejoy,San Francisco
striga,San Francisco
upbeat,San Francisco
clear-gene,"San Carlos, CA"
finnt,"Miami, FL"
nomiku,San Francisco
quilt-data,San Francisco
the-rumie-initiative,"Toronto, Canada"
octifi,"Singapore, Singapore"
ixora,Palo Alto
magicbus,"Los Angeles, CA"
tapzilla,
bedrock-ai,"Toronto, Canada"
cspa,San Francisco
whereoscope,Mountain View
mertado,"Redwood City, CA"
crocodoc,San Francisco
nuntius-therapeutics,"London, United Kingdom"
creative-market,San Francisco
parallel-bio,"Los Angeles, CA"
scopeai,San Francisco
actipulse-neuroscience,"Mexico City, Mexico"
supermedium,San Francisco
volta-labs-inc,"Cambridge, MA"
rain-neuromorphics,"Redwood City, CA"
trident-bioscience,Mountain View
gaiascope,Boston
gordian-software,"Bellevue, WA"
canary-technologies,San Francisco
meetyu,
payze,"Tbilisi, Georgia"
pigeon-loans,"Miami, FL"
onederful,San Francisco
fixed,San Francisco
nohq,New York
lendedu,"Hoboken, NJ"
juno-college-of-technology,"Toronto, Canada"
cleanly,New York
landed-2,San Francisco
sivo,San Francisco
optilly-installmonetizer,"San Jose, CA"
shopwith,San Francisco
brainnook,
quell,"London, United Kingdom"
goodly,San Francisco
accept-inc,"Denver, CO"
floydhub,San Francisco
popular-pays,"Chicago, IL"
synkrino-biotherapeutics,"Oakland, CA"
mark-cuban-cost-plus-drug-company-pbc,
shone,San Francisco
ilabservice,"Shanghai, China"
proof-trading,New York
glimpse,San Francisco
lynks,Egypt
snazzy,"Hyderabad, India"
optimizely,San Francisco
listia,"Campbell, CA"
astek-diagnostics-inc,"Baltimore, MD"
kinside,San Francisco
lobby,"London, United Kingdom"
woody-library,"Beijing, China"
naytev,San Francisco
directed-edge,San Francisco
aoa-dx-inc,"Cambridge, MA"
fanchatter,"Minneapolis, MN"
webiny,"London, United Kingdom"
renthop,New York
lingt,San Francisco
passenger-ai,"Toronto, Canada"
speechly,"Helsinki, Finland"
trade,"Broken Arrow, OK"
boxouse,"Oakland, CA"
flat,"Mexico City, Mexico"
gigs,"Berlin, Germany"
allo,San Francisco
volantio,"Atlanta, GA"
intelline,"Waterloo, Canada"
encarte,San Francisco
snowboard-software,"Heidelberg, Germany"
milkrun,"Portland, OR"
clear-genetics,San Francisco
cue,San Francisco
govpredict,"Washington, DC"
cloudant,Boston
stoke-space-technologies-inc,"Seattle, WA"
brick-health,"Miami, FL"
embark,San Francisco
frogmetrics,NY
popcuts,"Lucerne Valley, CA"
marqvision,"Los Angeles, CA"
ultralight,San Francisco
foreword,San Francisco
sorting-robotics,"Los Angeles, CA"
dyneti-technologies,San Francisco
joberator,"Los Angeles, CA"
portal-entryways,"Provo, UT"
flower-co,"Los Angeles, CA"
circuithub,"London, United Kingdom"
instapainting,San Francisco
fazz,Indonesia
medcrypt,"San Diego, CA"
cowlar,"Memphis, TN"
insoma-bio,"Durham, NC"
chaser,San Francisco
lantern,San Francisco
wink-health,San Francisco
innovein,"San Carlos, CA"
pop-meals,"Kuala Lumpur, Malaysia"
wave,"Dakar, Senegal"
adla,"Charlotte, NC"
placid-money,New York
plivo,"Austin, TX"
crowdforce,"Abuja, Nigeria"
simplecitizen,"Salt Lake City, UT"
couturme,"San Mateo, CA"
songkick,United Kingdom
disqus,San Francisco
deluux,"Atlanta, GA"
hutsy,New York
thrive-agric,"Abuja, Nigeria"
weebly,San Francisco
acunote,San Francisco
gigs-live,New York
cerebrium,"London, United Kingdom"
next-caller,New York
avo,San Francisco
gustav,New York
perlara,"Oakland, CA"
lago,"Paris, France"
octopart,New York
scribd,San Francisco
askdata,San Francisco
inkling,"Chicago, IL"
infogami,"London, United Kingdom"
statuspage,San Francisco
atrium,San Francisco
qwest,"Los Angeles, CA"
statwing,San Francisco
spate,New York
careertu,New York
fullstack-academy,New York
standardcode,San Francisco
insight,San Francisco
sribuu,"Jakarta, Indonesia"
wren,San Francisco
unsaddl,New York
iomete,Mountain View
molecular-reality,San Francisco
weathercheck,"Louisville, KY"
unschool,"Hyderabad, India"
cocoon,San Francisco
precognate,
lucy-goods-inc,"Los Angeles, CA"
warrant,"Los Angeles, CA"
dailydoctor,"San Jose, CA"
pulse-2,San Francisco
comradery,San Francisco
level,San Francisco
jetpack-aviation,"Los Angeles, CA"
prompt,
hypnos,"Dallas, TX"
starsky-robotics,San Francisco
storyline,"London, United Kingdom"
streem,San Francisco
ribbon-health,New York
orca,"Austin, TX"
enso,"Kraków, Poland"
ampup,"Cupertino, CA"
docvita,"Bengaluru, India"
metlo,San Francisco
withfriends,New York
kubesail,"Pasadena, CA"
taobotics,"Shenzhen, China"
zip-phone,
perception-biosystems,Palo Alto
neverland,San Francisco
kimono-labs,San Francisco
scaphold-io,San Francisco
zumodrive,"Burlingame, CA"
edyst,"Hyderabad, India"
datanitro,New York
abacum,New York
slinkset,San Francisco
rct-studio,"Los Angeles, CA"
careledger,San Francisco
keynua,"Lima, Peru"
bentocart,San Francisco
xendit,Indonesia
measured,New York
honeylove,San Francisco
bump-2,"London, United Kingdom"
beu-delivery,"Addis Ababa, Ethiopia"
projectpro,"Bengaluru, India"
zerobroker,San Francisco
pulse-active-stations-network,India
cityfurnish,"New Delhi, India"
meetanyway,"Stuttgart, Germany"
north,"Kitchener, Canada"
resident-boost,San Francisco
merrymint,San Francisco
basilica,San Francisco
pershop,San Francisco
modern-fertility,San Francisco
hiptype,San Francisco
literably,San Francisco
sudden-coffee,San Francisco
move-loot,San Francisco
airpair,San Francisco
votingworks,CA
filestack,"San Antonio, TX"
evo-do,"Tel Aviv-Yafo, Israel"
vetpronto,San Francisco
corrily,
pachyderm,San Francisco
docucharm,Mountain View
smartercookie,San Francisco
spline,"Reston, VA"
schoolable,"Lagos, Nigeria"
coco-controller,
blendspace,San Francisco
testrigor,San Francisco
per-diem,New York
path,New York
boundary-layer-technologies,"Alameda, CA"
multis,"Paris, France"
h1,New York
plasticity,San Francisco
stem-sugar,"Cambridge, United Kingdom"
lumoid,San Francisco
hapara,"Redwood City, CA"
collectly,"Los Angeles, CA"
siasto,San Francisco
flowbot,New York
serica,San Francisco
thrive-agritech,New York
envyl,NY
hypercore,"Tel Aviv-Yafo, Israel"
dex,San Francisco
adgrok,San Francisco
labelflow,"Nantes, France"
tress,"Accra, Ghana"
messageparty,New York
getgoing,"Redwood City, CA"
greo,Palo Alto
ever-loved,San Francisco
viacycle,"Atlanta, GA"
teevox,"Cupertino, CA"
vastrm,"Burlingame, CA"
openphone,San Francisco
paribus,New York
rocketrip,New York
vectordash,San Francisco
instapath-inc,"Houston, TX"
lus-brands,"Toronto, Canada"
double-robotics,"Burlingame, CA"
breadfast,"Cairo, Egypt"
shoptiques,New York
owners-circle,"Berkeley, CA"
naturall-club,"Philadelphia, PA"
vango,New York
gen1e-lifesciences,Palo Alto
plerk,"Guadalajara, Mexico"
agendapro,"Santiago, Chile"
fizz,
9gag,"Hong Kong, Hong Kong"
petasales,San Francisco
runkit,San Francisco
contraforce,"McKinney, TX"
nonu,"Hyderabad, India"
givecampus,"Washington, DC"
buildzoom,San Francisco
medxt,San Francisco
obie,"Chicago, IL"
genius,NY
delphia,"Toronto, Canada"
orange-health,"Bengaluru, India"
grepdata,San Francisco
thinair,Palo Alto
koko,Palo Alto
hunter2,Boston
yezza,"Kuala Lumpur, Malaysia"
tandem,San Francisco
prequel,New York
zerostorefront,"San Mateo, CA"
pribbit,
permitflow,"San Jose, CA"
enveritas,New York
heptabase,Taiwan
queenly,San Francisco
blair,San Francisco
flow,San Francisco
powerus,"Berlin, Germany"
pingm,
intact-therapeutics,"Los Altos, CA"
citus-data,San Francisco
capture,New York
colab,"St. John's, Canada"
lawdingo,New York
callisto,San Francisco
entocycle,"London, United Kingdom"
eduvee,"London, United Kingdom"
sbx-robotics,"Toronto, Canada"
armory,"San Mateo, CA"
whitenoise,San Francisco
chute,San Francisco
cellabus,San Francisco
demand-curve,San Francisco
future-fields,"Edmonton, Canada"
pebble,Palo Alto
sketchbox,San Francisco
touch-and-pay-technologies-limited,"Lagos, Nigeria"
eden-farm,Indonesia
socialbrowse,
wakemate,San Francisco
origin,San Francisco
heyzap,San Francisco
mighty,San Francisco
growthbook,Palo Alto
facio,"São Paulo, Brazil"
stoic,"Kraków, Poland"
voicery,San Francisco
dagger,San Francisco
medium-biosciences,Boston
kamcord,San Francisco
caper,
well-principled,"St. Louis, MO"
rethinkdb,San Francisco
wattvision,"Princeton, NJ"
zensors-inc,San Francisco
anima,"London, United Kingdom"
fieldproxy,"Chennai, India"
regology,Palo Alto
airware,San Francisco
blink,"Milan, Italy"
inevent,"Atlanta, GA"
onegraph,San Francisco
bits,"London, United Kingdom"
aigis,"Jakarta, Indonesia"
taptolearn,"Menlo Park, CA"
bitnami,San Francisco
global-belly,San Francisco
backtype,San Francisco
fanvibe,San Francisco
alana,"Mexico City, Mexico"
lollipuff,Mountain View
beatdeck,"Atlanta, GA"
vitau,"Monterrey, Mexico"
flightcar,San Francisco
zeus,San Francisco
liftigniter,San Francisco
atlas,Singapore
nanonets,San Francisco
zigfu,San Francisco
mudafy,"Buenos Aires, Argentina"
instantq,San Francisco
abundance-labs,San Francisco
lattice,San Francisco
gantto,San Francisco
laika,"Bogotá, Colombia"
mach9-robotics,"Pittsburgh, PA"
firebase,Mountain View
paragon,"Los Angeles, CA"
instant-domains,"Victoria, Canada"
lezzoo,"Erbil, Iraq"
breezeful,"Toronto, Canada"
volumetric,"Houston, TX"
centaur-labs,Boston
audiofocus,"Oakland, CA"
alude,"São Paulo, Brazil"
entelexo-biotherapeutics,"Irvine, CA"
tailor-ed,"Tel Aviv-Yafo, Israel"
assembled,Palo Alto
tellfi,San Francisco
celery,San Francisco
robotire,"Plymouth, MI"
raycast,"London, United Kingdom"
haystack,San Francisco
somos,"Medellín, Colombia"
taxa-biotechnologies,San Francisco
glisten-ai,San Francisco
ardis-ai,Mountain View
gigster,San Francisco
leaky,San Francisco
post-fm,"London, United Kingdom"
seva-coffee,San Francisco
flaviar,New York
hatch,"Richmond, VA"
jamiphy,San Francisco
ditto,San Francisco
speak,San Francisco
aura-vision,"London, United Kingdom"
cytera-cellworks,"London, United Kingdom"
heydoctor,San Francisco
finley,San Francisco
wallets,"Lagos, Nigeria"
oxygen,San Francisco
leah-labs,"Rochester, MN"
protex-ai,"Limerick, Ireland"
pyka,"Oakland, CA"
buttercoin,Palo Alto
strongintro,San Francisco
cherry,San Francisco
utilityscore,"Oakland, CA"
fig,San Francisco
payhippo,"Lagos, Nigeria"
nullstone,"Atlanta, GA"
paymobil,San Francisco
kaiten,New York
flotype,"San Jose, CA"
visual-one,San Francisco
zaam,Palo Alto
cardash,"Menlo Park, CA"
proven,San Francisco
dosedr,"Menlo Park, CA"
compose,"San Mateo, CA"
talyn-air,"Los Angeles, CA"
octavewealth,San Francisco
bamboo,"Lagos, Nigeria"
nova-credit,San Francisco
crowdmed,San Francisco
marketfox,San Francisco
blok,San Francisco
hent,"Recife, Brazil"
openbase,San Francisco
point-api,"Cambridge, MA"
odin,Mountain View
upgraded,San Francisco
fivestars,San Francisco
zefi,San Francisco
bloomthat,San Francisco
eqtble,New York
pagedraw,San Francisco
pashi,San Francisco
wefunder,San Francisco
dynamofl,San Francisco
airthium,"Les Loges-en-Josas, France"
legionfarm,San Francisco
checkars,"Buenos Aires, Argentina"
prophecy-sciences,San Francisco
multiverse,Boston
zenefits,San Francisco
legacy,"Cambridge, MA"
crohnology-by-healthy-labs,San Francisco
quantstamp,"Toronto, Canada"
caelum-health,San Francisco
posmetrics,"Cupertino, CA"
urx,San Francisco
apptimize,San Francisco
hyperpad,"London, Canada"
doorport,New York
fabric,San Francisco
encepheal-therapeutics,"Winston-Salem, NC"
pagelever,San Francisco
courtyard,San Francisco
imx-platform,"Atlanta, GA"
buildbuddy,Palo Alto
documents-me,"Santa Clara, CA"
vori,"East Palo Alto, CA"
traversal-networks,Mountain View
freterium,"Casablanca, Morocco"
standard-treasury,San Francisco
crowdery,San Francisco
fluke,"São Carlos, Brazil"
todesktop,"Cork, Ireland"
dropbase,San Francisco
plusidentity,San Francisco
synapsica-healthcare,"Bengaluru, India"
heron-data,"London, United Kingdom"
snapjoy,"Boulder, CO"
okteto,San Francisco
intelligent,"Los Altos, CA"
dimorder,Hong Kong
godutch,"Mumbai, India"
cb-therapeutics,"San Diego, CA"
medisas,San Francisco
answerly,San Francisco
pry-financials,San Francisco
biobot-analytics,"Cambridge, MA"
kicksend,Mountain View
1000memories,San Francisco
nowmov,San Francisco
journey,
10-minute-squad,South Korea
ybanq,"Bengaluru, India"
zipio,
adyn,"Seattle, WA"
thunderpod,"Mumbai, India"
appharbor,San Francisco
eivod,Boston
edurev,"Chandigarh, India"
spenny,"Bengaluru, India"
easyplan,"Mumbai, India"
ubiq,Boston
soomgo,"Seoul, South Korea"
graffitigeo,Palo Alto
somatic,
apartio,"São Paulo, Brazil"
float-health,"Carlsbad, CA"
truenorth,San Francisco
chariot,San Francisco
awesometalk,San Francisco
xberts,San Francisco
instabug,San Francisco
draftbit,"Chicago, IL"
furmacy,"El Dorado Hills, CA"
thndr,"Cairo, Egypt"
roomplays,"San Jose, CA"
foodoro,San Francisco
lendtable,San Francisco
syncware,Singapore
stark-bank,"São Paulo, Brazil"
chatwoot,San Francisco
mendel,"Mexico City, Mexico"
levro,San Francisco
guruhotel,Mountain View
couple,San Francisco
leftronic,San Francisco
trm-labs,San Francisco
myscoot,"New Delhi, India"
docker,San Francisco
framed-data,San Francisco
dropee,"Kuala Lumpur, Malaysia"
sparkgift,San Francisco
99minutos,"Mexico City, Mexico"
xfers,Singapore
send,"Lagos, Nigeria"
digistain,"London, United Kingdom"
socialpicks,New York
leanmarket,Mountain View
darsel,
humanly,"Seattle, WA"
equipt-health,"Seattle, WA"
fridge,San Francisco
ukama,"Pleasanton, CA"
duffl,"Los Angeles, CA"
gamador,San Francisco
truora,"Cali, Colombia"
hackpad,San Francisco
blue-onion-labs,New York
handl,San Francisco
mello,San Francisco
hyperink,San Francisco
seawise-capital,"New Delhi, India"
finmark,"Raleigh, NC"
perch-credit,"Los Angeles, CA"
fidocure,Palo Alto
rtcanary,"San Jose, CA"
spire-law,"Orlando, FL"
snipshot,
microeval,"Hamlin, NY"
everyday-me,
the-mercer-club,New York
symple,San Francisco
lernit,"Monterrey, Mexico"
avenue,New York
demandsphere,"Columbus, OH"
hotplate,"Austin, TX"
newsblur,"Cambridge, MA"
venostent,"Houston, TX"
restocks,San Francisco
strive-school,"Berlin, Germany"
shoutfit,
amicus,San Francisco
easypost,San Francisco
vest,"McLean, VA"
caviar,San Francisco
ninite,San Francisco
profig,Mountain View
partnered,San Francisco
charityvest,"Atlanta, GA"
vertofx,"London, United Kingdom"
redcliffe-lifesciences,India
clew,"Toronto, Canada"
enombic,San Francisco
xobni,San Francisco
3dot,"Ljubljana, Slovenia"
runa,"Mexico City, Mexico"
farmako-healthcare,"Panaji, India"
flightcaster,San Francisco
picolab,
stackmachine,San Francisco
in-stock,"Santa Cruz, CA"
nexu,"Mexico City, Mexico"
simplelegal,Mountain View
picplum,San Francisco
lanyrd,"London, United Kingdom"
testmunk,CA
teleborder,San Francisco
spire-health,San Francisco
hype-and-vice,"Los Angeles, CA"
brace,San Francisco
realm,San Francisco
meadow,San Francisco
valienta,"Medellín, Colombia"
tipjoy,"Arlington Heights, IL"
blockspring,San Francisco
hum,San Francisco
treehouse,"Portland, OR"
cratejoy,"Austin, TX"
spoonrocket,"Berkeley, CA"
astranis,San Francisco
freshplum,San Francisco
mixwit,
psylaris,"Maastricht, Netherlands"
upequity,"Austin, TX"
violet,New York
voxli,CA
trigger,San Francisco
cradle,"Bengaluru, India"
arist,Boston
spaces-life,
tomoguides,"Seattle, WA"
layer-by-layer,Mountain View
predxion-bio,"South San Francisco, CA"
lizza,"Guadalajara, Mexico"
carsabi,Mountain View
tizeti,"Lagos, Nigeria"
numero,San Francisco
dashblock,"Paris, France"
teachboost,"Pittsburgh, PA"
terusama,San Francisco
viaopt,San Francisco
the-buttermilk-company,"Seattle, WA"
boosted,Mountain View
netbeez,"Pittsburgh, PA"
skill-lync,"Chennai, India"
quiknode,"Miami, FL"
vista,"Los Angeles, CA"
varos,San Francisco
terravion,"San Leandro, CA"
ochre-bio,"Oxford, United Kingdom"
fathom,San Francisco
letterdrop,San Francisco
morada-uno,"Mexico City, Mexico"
medmonk,"Milpitas, CA"
robohr,
datarank,"Fayetteville, AR"
minimum,"London, United Kingdom"
nudgepad,San Francisco
onelocal,"Toronto, Canada"
vitable-health,"Philadelphia, PA"
caremessage,San Francisco
searchlight,San Francisco
hackermeter,San Francisco
bitplay,San Francisco
omnisio,"Atherton, CA"
unima,"Zapopan, Mexico"
segmed,"Menlo Park, CA"
blueberry-medical,Mountain View
balanced,San Francisco
habit-labs,"Seattle, WA"
zenter,Mountain View
bellabeat,San Francisco
aptdeco,New York
spoken,New York
bouncer,"Oakland, CA"
swapbox,San Francisco
mozper,"Mexico City, Mexico"
mailwarm,"Paris, France"
homestead,"Los Angeles, CA"
sirka,"Jakarta, Indonesia"
virtually,New York
true-link,San Francisco
codenow,"Chicago, IL"
yumbin,San Francisco
chari,"Casablanca, Morocco"
castle,"Detroit, MI"
koko-2,San Francisco
ngrow-ai,San Francisco
seneca-systems,"Redwood City, CA"
drivezy,"Bengaluru, India"
carbonchain,"London, United Kingdom"
prodigal,Mountain View
lume,New York
directshifts,New York
fable,New York
customily,"St. Louis, MO"
palettehq,"Paris, France"
accredible,"Berkeley, CA"
stacks,New York
watsi,San Francisco
mockvisual,San Francisco
magic-instruments,"Los Angeles, CA"
hivy,San Francisco
skillza,"Dubai, United Arab Emirates"
fancy,United Kingdom
pingpong,"Orem, UT"
mindset-health,"Melbourne, Australia"
py,San Francisco
perfect-audience,San Francisco
pave-2,San Francisco
bby,New York
dreamforge,San Francisco
memo,"Exeter, United Kingdom"
bloom-3,San Francisco
rally,"Toronto, Canada"
once,"Paris, France"
salessift,"London, United Kingdom"
deanslist,New York
keydb,"Toronto, Canada"
hipset,
pachama,San Francisco
parrot-software,"Monterrey, Mexico"
registrylove,"Cupertino, CA"
earnjarvis,San Francisco
tarjimly,Mountain View
team-apart,
sparkboard,
tella,"Amsterdam, Netherlands"
vendr-com,Boston
kopa,San Francisco
bloop,"London, United Kingdom"
zoomer,"Philadelphia, PA"
product-hunt,San Francisco
hush,"Los Angeles, CA"
qulture-rocks,San Francisco
syndetic,New York
interana,"Redwood City, CA"
svbtle,San Francisco
tambua-health,San Francisco
degrees-of-freedom,"Marlboro, VT"
keychain-logistics,San Francisco
omgpop,New York
zanbazaar,Boston
bristle,San Francisco
apollo-2,San Francisco
routable,San Francisco
talkray-tikl,"Sunnyvale, CA"
membo,"Tallinn, Estonia"
snipd,Palo Alto
bountiful,San Francisco
alba-orbital,"Glasgow, United Kingdom"
roboflow,"Des Moines, IA"
instrumentl,San Francisco
sameplan,San Francisco
rescue-forensics,"Nashville, TN"
humaans,"London, United Kingdom"
newcope,Mountain View
kingdom-supercultures,New York
playmaker,"Copenhagen, Denmark"
riogrande,"Mexico City, Mexico"
snapboard,"London, United Kingdom"
powerrouter,"Austin, TX"
brick,"Oakland, CA"
kalibrr,"Makati, Philippines"
mux,San Francisco
avametric,San Francisco
lvl5,
vida-and-co,San Francisco
sendwave,Boston
playhouse,San Francisco
creatoros-questbook,"Bengaluru, India"
kobo360,"Oworonshoki, Nigeria"
mixerbox,Palo Alto
tutorspree,"Chicago, IL"
heycharge,"Munich, Germany"
green-energy-exchange,"Austin, TX"
grin,"Mexico City, Mexico"
suiteness,"Oakland, CA"
cover,San Francisco
reframe,"Atlanta, GA"
promakhos-therapeutics,Boston
zingbus,"Gurugram, India"
reebee,"Kitchener, Canada"
stacksi,"Los Angeles, CA"
reble,San Francisco
weilos,San Francisco
monto,"Monterrey, Mexico"
shopular,"Redwood City, CA"
meta,"San Mateo, CA"
arthena,New York
gromo,"Gurugram, India"
vizeralabs,"Sunnyvale, CA"
plickers,San Francisco
wundrbar,San Francisco
treasury-prime,San Francisco
drapr,"Berkeley, CA"
livedocs,San Francisco
weweb-io,"Paris, France"
hackerrank,Mountain View
divvyshot,San Francisco
fountain9,"Mumbai, India"
all-screen,"Santa Monica, CA"
newslabs,"Dublin, Ireland"
orderli,"Amsterdam, Netherlands"
mattermost,Palo Alto
cohere,New York
infoharmoni,San Francisco
mojo,"Paris, France"
zidisha,"Sterling, VA"
convore,San Francisco
bloomapi,"Seattle, WA"
gbatteries,"Ottawa, Canada"
ticket-stumbler,Boston
fondeadora,"Mexico City, Mexico"
zinc-platform,New York
beetailer,Mountain View
fitfu,"Ringwood, NJ"
jemi,San Francisco
human-interest,San Francisco
vena-medical,"Kitchener, Canada"
promise,"Oakland, CA"
auroraq,"Waterloo, Canada"
simple-strips,San Francisco
tenderd,"Dubai, United Arab Emirates"
polymail,"Marina del Rey, CA"
mbx,San Francisco
workflow86,"Sydney, Australia"
taplytics,"Toronto, Canada"
akiflow,"Padua, Italy"
qoa,"Munich, Germany"
vorticity,Mountain View
whirl,"South San Francisco, CA"
upcall,San Francisco
eduflow,"Copenhagen, Denmark"
ping-labs,San Francisco
eleven-learning,
universe,New York
chaos-genius,San Francisco
smartpath,"Atlanta, GA"
springwit,
cloudthread,San Francisco
laserfocus,"Berlin, Germany"
cloudkick,San Francisco
expent-inc,"Fremont, CA"
nimble,"Oregon City, OR"
open-listings,"Los Angeles, CA"
iotflows-inc,"Atlanta, GA"
breathe-well-being,"New Delhi, India"
slite,"Remote, OR"
nimblerx,"Menlo Park, CA"
hellosaurus,New York
click-and-grow,Palo Alto
firstbase-io,New York
launchhear,San Francisco
moni,"Lagos, Nigeria"
prescribe,"Chennai, India"
saida,"Nairobi, Kenya"
zuddl,"Hyderabad, India"
snackpass,San Francisco
sheertex,"Montreal, Canada"
gradia-health,Palo Alto
supr-daily,"Mumbai, India"
metamanagement,San Francisco
ninjastudy,"Bengaluru, India"
freshpaint,San Francisco
sprout,"São Paulo, Brazil"
panadata,"Panama City, Panama"
sandbox-banking,New York
anywhere-fm,Japan
opencurriculum,Mountain View
wireover,"Cambridge, MA"
one-degree,San Francisco
stacklead,San Francisco
collections,Mountain View
logica,"Omaha, NE"
shopscribe,"London, United Kingdom"
assembly,"Redwood City, CA"
turion-space,"Irvine, CA"
smartcuts,New York
kern-systems,Boston
reviving-mind,Boston
flip,"Los Angeles, CA"
biographicon,
logisticsos,"Pleasanton, CA"
semantics3,San Francisco
canopy-labs,New York
pahamify,Indonesia
heroic-story,"Los Angeles, CA"
autoproctor,"Bengaluru, India"
logiblock,San Francisco
acadpal,"Pune, India"
inpharmd,"Atlanta, GA"
democracyos,"Buenos Aires, Argentina"
gameday,San Francisco
beanstalk,"Washington, DC"
aella,"Lagos, Nigeria"
contestmachine,"Southfield, MI"
hublo,"Paris, France"
atomic,San Francisco
jet-admin,San Francisco
lalabox,"Los Angeles, CA"
avro-life-science,"Waterloo, Canada"
slope,San Francisco
tipe,San Francisco
light-table-eve,San Francisco
assorted-bits,
sakneen,"Cairo, Egypt"
pandai,"Kuala Lumpur, Malaysia"
genuity,"Chicago, IL"
stratumai,"Toronto, Canada"
observa,
99dresses,New York
tappity,Palo Alto
groupahead,San Francisco
fintual,"Santiago, Chile"
equator-therapeutics,San Francisco
altay-therapeutics,San Francisco
writewith,"Corvallis, OR"
biodock,"Austin, TX"
medpiper-technologies-inc,"Bengaluru, India"
givespark,Palo Alto
lunatic,"Vienna, Austria"
gas-pos,"Little Rock, AR"
houm,"Santiago, Chile"
strong-compute,"Sydney, Australia"
ziina,"Dubai, United Arab Emirates"
roomstorm,"Redwood City, CA"
flightfox,"Boulder, CO"
patchd-medical,San Francisco
zowpow,San Francisco
wavy,"Paris, France"
pagaloop,"Mexico City, Mexico"
padmapper,San Francisco
yumdots,San Francisco
tsumobi,"Cambridge, MA"
dating-ring,New York
think-gaming,New York
ourmenu,
hiresweet,San Francisco
prendea,"Barranco, Peru"
glassjar,Mountain View
pave,"Kitchener, Canada"
snaptalent,San Francisco
madesolid,"Emeryville, CA"
dropprint-genomics,San Francisco
evidently-ai,San Francisco
venu,"San Jose, CA"
flagr,"Oyster Bay, NY"
zelos,"Los Angeles, CA"
verde,"São Paulo, Brazil"
chatbiz,"Bandung, Indonesia"
coulomb-ai,"Bengaluru, India"
tangobuilder,San Francisco
archbee,"Bucharest, Romania"
echodio,San Francisco
plug,"Rio de Janeiro, Brazil"
fuzzwich,Palo Alto
tumult,San Francisco
claimspotting,
pipebio,"Aarhus, Denmark"
arc,Palo Alto
swipe,"Accra, Ghana"
henry,"Buenos Aires, Argentina"
compose-ai,San Francisco
pipelinedb,"Los Angeles, CA"
inversion-space,"Los Angeles, CA"
mixrank,San Francisco
appcanary,"Toronto, Canada"
subscriptionflow,San Francisco
dataland,New York
tendo,"Accra, Ghana"
willing,"Miami, FL"
guesty,"Tel Aviv-Yafo, Israel"
lever,San Francisco
radius,"Jakarta, Indonesia"
proxino,Palo Alto
anja-health,"Los Angeles, CA"
pushbullet,San Francisco
dayra,"Cairo, Egypt"
rickshaw,San Francisco
aqua,New York
awtomatic,"Seattle, WA"
draft,"Chicago, IL"
helicarrier-prev-buycoins,"Lagos, Nigeria"
dropbox,San Francisco
upchieve,New York
jamglue,"Seattle, WA"
cribspot,"Ann Arbor, MI"
upflow,New York
mailmodo,"Bengaluru, India"
letter,"San Diego, CA"
women-who-code,"Atlanta, GA"
hubuc,"Barcelona, Spain"
forcyte-biotechnologies,"Los Angeles, CA"
authologic,"Warsaw, Poland"
tilt,San Francisco
brushes,
loopt,Mountain View
botin,"San José, Costa Rica"
anasen,"Paris, France"
pickle,"Salt Lake City, UT"
edoome,Palo Alto
job-alchemist,
auro-robotics,"Santa Clara, CA"
acasa,"Bogotá, Colombia"
soundfocus,San Francisco
co2stats,"Cambridge, MA"
opzi,San Francisco
movity,San Francisco
posterous,San Francisco
talkito,
binary-thumb,"Honolulu, HI"
mooji-meats,"Baltimore, MD"
pulpix,New York
modular-science,San Francisco
kenota,"Kitchener, Canada"
commery,New York
flexport,San Francisco
nano-technologies,Vietnam
momento,"Mexico City, Mexico"
vimcal,New York
odwen,India
automatic,San Francisco
playreader,
anniecannons,"Oakland, CA"
coinfeeds,San Francisco
craft-coffee,NY
zenedy,San Francisco
anyvite,"Columbia, MD"
yearend,San Francisco
poll-everywhere,San Francisco
mable,San Francisco
watchsend,San Francisco
miggos,"São Paulo, Brazil"
zesty,San Francisco
kiwi-biosciences,Boston
data-mechanics,"Paris, France"
dendron,"Seattle, WA"
backlot,"Los Angeles, CA"
lexter-ai,"São Paulo, Brazil"
unicorn,"Austin, TX"
youlicit,New York
learningjar,"San Leandro, CA"
garten,"Burlingame, CA"
ohlife,San Francisco
classdojo,San Francisco
reshape-biotech,"Copenhagen, Denmark"
clipdrop,"Paris, France"
eligible,NY
helloguru,San Francisco
docbot,"Los Angeles, CA"
nambii,San Francisco
pro-player,
asher-bio,"San Carlos, CA"
sourcebeacon,
scribe,"Bengaluru, India"
safetywing,San Francisco
bensen,Boston
unlayer,San Francisco
raiseme,
bicycle-ai,"Bengaluru, India"
adthrow,
anjuna,Palo Alto
tapengage,San Francisco
anylist,"Santa Clara, CA"
coderhouse,"Buenos Aires, Argentina"
predictleads,"Ljubljana, Slovenia"
jobspice,San Francisco
clickpass,San Francisco
slidepay,Mountain View
pibit-ai,"Gurugram, India"
sst,"Toronto, Canada"
magicbell,"Barcelona, Spain"
nobell-foods,San Francisco
highlightcam,Mountain View
etacts,Palo Alto
bluecargo,"Los Angeles, CA"
runops,"São Paulo, Brazil"
gonddo,"São Paulo, Brazil"
lob,San Francisco
chirply,San Francisco
embedly,Boston
framebase,San Francisco
eventjoy,San Francisco
boostable,San Francisco
carwoo,"Burlingame, CA"
vobi,"São Paulo, Brazil"
medme-health,"Toronto, Canada"
picurio,Mountain View
shift-messenger,San Francisco
silver,"Cupertino, CA"
alpha-vantage,Boston
interstate,San Francisco
gobble,Palo Alto
mattermark,San Francisco
level-frames,NY
abatable,"London, United Kingdom"
bountii,"Watertown, MA"
urbankisaan,"Hyderabad, India"
unwind-me,San Francisco
jupiter,San Francisco
juzibot,"Beijing, China"
simperium,San Francisco
gazehawk,Mountain View
1910-genetics,"Cambridge, MA"
sfox,"Los Angeles, CA"
zenamins,San Francisco
jenfi,Singapore
sendoid,San Francisco
in-your-corner,New York
cleverdeck,"Istanbul, Turkey"
beep,San Francisco
stacker,"London, United Kingdom"
clipboard-health,San Francisco
karat-financial,San Francisco
listrunner,Mountain View
cartcam,
marketbrief,San Francisco
reelables,
resolve,New York
pardes-bio,San Francisco
darrow,"Tel Aviv-Yafo, Israel"
faction,"South San Francisco, CA"
shiok-meats,Singapore
mutableai,"Pittsburgh, PA"
skysheet,
agave,"Santa Barbara, CA"
gamerpay,"Copenhagen, Denmark"
lumineye,"Boise, ID"
speedscale,"Atlanta, GA"
reddit,San Francisco
valiu,"Bogotá, Colombia"
aon3d,"Montreal, Canada"
flutterwave,"Lagos, Nigeria"
start-closing,"Coffeyville, KS"
opez,San Francisco
aquarium-learning,San Francisco
justspotted,"Copenhagen, Denmark"
clearbrain,San Francisco
thread,United Kingdom
omni,San Francisco
catch,New York
dorian-therapeutics,"San Carlos, CA"
aptible,San Francisco
buy-me-a-coffee,San Francisco
turing-labs-inc,New York
allsome-fulfillment,"Shenzhen, China"
vayable,San Francisco
zazos,"São Paulo, Brazil"
insoshi,
curious-fictions,San Francisco
smarking,San Francisco
earth-ai,"San Mateo, CA"
zenbox,San Francisco
mela,"Bengaluru, India"
assemblyai,San Francisco
flok,New York
curvenote,"Calgary, Canada"
elpha,"Oakland, CA"
notifo,San Francisco
hackpack,"Santa Monica, CA"
zencoder,San Francisco
goscale,"London, United Kingdom"
markupwand,"Bengaluru, India"
dinesafe,New York
verak,"Mumbai, India"
policyfly,New York
knowmia,San Francisco
disclosures-io,San Francisco
remail,CA
futureadvisor,San Francisco
midnox,Palo Alto
deepgram,San Francisco
credictive,
modern-health,San Francisco
appjet,San Francisco
quantierra,New York
tastemaker,San Francisco
daedalus,"Karlsruhe, Germany"
poliglota,"Santiago, Chile"
zeromailer,
starling,"Houston, TX"
zerodown,San Francisco
mth-sense,"San Jose, CA"
replo,San Francisco
fathomdb,San Francisco
koduco,San Francisco
circumvent,
float,"Honolulu, HI"
ridejoy,San Francisco
omniref,San Francisco
community-phone-company,Boston
pabio,"Zürich, Switzerland"
austin-software,"Austin, TX"
bitsample,
kosh,"Gurugram, India"
supermall,"Los Angeles, CA"
adventurous-co,San Francisco
quid,"Mexico City, Mexico"
7cups,"Virginia Beach, VA"
savvy-2,San Francisco
ixiplay,"Sunnyvale, CA"
textpayme,"Redmond, WA"
dyspatch,"Victoria, Canada"
hungry-labs,
munily,"Panama City, Panama"
newshades,San Francisco
auctomatic,San Francisco
redbrick-ai,"Pune, India"
outbound,San Francisco
epic-aerospace,"Buenos Aires, Argentina"
lucky-card,San Francisco
immunity-project,San Francisco
pepper,San Francisco
bannerman,San Francisco
parenthoods,San Francisco
bufferbox,"Waterloo, Canada"
aspect,
bananas,"Jakarta, Indonesia"
whalesync,"Seattle, WA"
booksolid,
webcake,
pinglend,San Francisco
staffbar,San Francisco
new-incentives,San Francisco
ark,San Francisco
bayes,San Francisco
anchor-health,San Francisco
deepnote,
stayqrious,"Bengaluru, India"
exo-freight,"Royal Oak, MI"
curacel,"Lagos, Nigeria"
audobox,
meldium,San Francisco
digi-prex,"Hyderabad, India"
treinta,"Bogota, Colombia"
shuttle-central,"Cancún, Mexico"
bikanta,"Berkeley, CA"
closer-sports,
kraftful,San Francisco
carlypso,San Francisco
taskade,San Francisco
kidato,"Nairobi, Kenya"
reelsurfer,"Menlo Park, CA"
stock-unlock,New York
roger,New York
clara-labs,San Francisco
submittable,"Missoula, MT"
phoenix,"Toronto, Canada"
portal,New York
lvl6,Palo Alto
hotspots,San Francisco
elph,San Francisco
rentobo,San Francisco
sendhub,"Pleasanton, CA"
rapportive,San Francisco
preki,"Bogota, Colombia"
gimbooks,"Raipur, India"
shepherd,San Francisco
audiobeta,"Somerville, MA"
rejoy-health,"Santa Clara, CA"
flytenow,San Francisco
sinovia-technologies,"San Carlos, CA"
retool,San Francisco
mightyquiz,San Francisco
fella-health,San Francisco
bus-com,"Montreal, Canada"
linkana,"São Paulo, Brazil"
fabricly,New York
data-marketplace,San Francisco
tab,"London, United Kingdom"
fithub,"Beijing, China"
virtualmin,Mountain View
showbie,"Edmonton, Canada"
workbase,San Francisco
trustegg,"Culver City, CA"
tranqui-finanzas,"Cali, Colombia"
userfox,San Francisco
bagaveev-corporation,"San Mateo, CA"
flo-recruit,"Austin, TX"
perfekto,"Mexico City, Mexico"
mosaix-ai,Palo Alto
jellyfish-art,San Francisco
blue-frog-gaming,"Akron, OH"
minefold,San Francisco
coderwall,San Francisco
glider,"Portland, OR"
indee-labs,"Berkeley, CA"
solidstage,
airshared,
micro-meat,"Monterrey, Mexico"
mighty-buildings,"Oakland, CA"
nest-genomics,New York
kalshi,New York
milo,"Vancouver, Canada"
orderahead,San Francisco
atlas-2,"Dublin, CA"
boitas-com,"Monterrey, Mexico"
and-comfort,San Francisco
lockitron,Palo Alto
echo-locker,
bulk-mro-industrial-supply,New York
amiloz,"Mexico City, Mexico"
tolemi,Boston
atrato,"Guadalajara, Mexico"
wakie,"Menlo Park, CA"
robby-technologies,Palo Alto
dear-brightly,San Francisco
rejuvenation-technologies-inc,Mountain View
paytango,Mountain View
skylights,"San Jose, CA"
skylights,"San Jose, CA"
apprentice-health,Boston
pulse,"Bengaluru, India"
piepacker,San Francisco
armilla-ai,"Toronto, Canada"
astroforge,"Huntington Beach, CA"
snaptrade,"Fredericton, Canada"
globe,Seychelles
whirlscape,"Toronto, Canada"
canix,San Francisco
epsilon3-inc,"Los Angeles, CA"
squad,San Francisco
therify,New York
view3,Germany
stitch-health,San Francisco
ownlocal,"Austin, TX"
measurable-ai-mailtime,"Hong Kong, Hong Kong"
protocol-labs,Palo Alto
kash,San Francisco
lively-inc,San Francisco
neowize,"Tel Aviv-Yafo, Israel"
tesorio,"Burlingame, CA"
grabb-it,"Milpitas, CA"
living-carbon,San Francisco
datamode,"Seattle, WA"
recurse-center,New York
automate-ads,"San Mateo, CA"
debteye,"Chicago, IL"
emote,"San Mateo, CA"
odiggo,San Francisco
butter-systems,San Francisco
parallel-universe,Israel
unicornly,Palo Alto
bistrobot,San Francisco
blocknom,"Jakarta, Indonesia"
omg-digital,"Accra, Ghana"
stypi,San Francisco
mtailor,San Francisco
the-athletic,San Francisco
neptune-io,"San Mateo, CA"
swayable,San Francisco
alchemy,"Waterloo, Canada"
konta,"Monterrey, Mexico"
canopi,San Francisco
noble,"Tel Aviv-Yafo, Israel"
halolife,San Francisco
index-2,San Francisco
handle-com,San Francisco
jitter,"Paris, France"
segments-ai,"Brussels, Belgium"
be-go,San Francisco
selfycart,"San Mateo, CA"
digitwhiz,
histowiz,NY
cron,San Francisco
hellobill,
tradex,"Gurugram, India"
gotrade,"Earth, TX"
helpwear,"Toronto, Canada"
healthsherpa,"Sacramento, CA"
nightingale,San Francisco
trainzen,"Sunnyvale, CA"
airbyte,San Francisco
fiix,"Toronto, Canada"
new-story,"Atlanta, GA"
machine26,"Berlin, Germany"
upkeep,"Los Angeles, CA"
fuse,New York
tai,San Francisco
hypercontext,"Toronto, Canada"
picnichealth,San Francisco
iambiq-technologies,"Washington, DC"
10-by-10,San Francisco
tovala,"Chicago, IL"
cheddar,
revl,San Francisco
moichor,San Francisco
yotta,New York
chorus,San Francisco
labgrid,"Berkeley, CA"
kiko,"Cambridge, MA"
sunfarmer,"Kathmandu, Nepal"
styleup,New York
cruise,San Francisco
warpfy,Singapore
revel-technologies,"San Leandro, CA"
42floors,San Francisco
tetrascience,Boston
rigetti-computing,"Berkeley, CA"
roost,New York
zeal,San Francisco
marathon-education,"Ho Chi Minh City, Vietnam"
everyme,Mountain View
usergems,Austria
seer,Palo Alto
cosmic,"Dallas, TX"
fuell,"Madrid, Spain"
alfie,New York
apto-payments,San Francisco
querypie,"San Mateo, CA"
shipbob,"Chicago, IL"
vidyard,"Kitchener, Canada"
shout,New York
tilt-2,"Bengaluru, India"
hauteday,"Carlsbad, CA"
loop-genomics,"San Jose, CA"
fintoc,"Santiago, Chile"
abacus,New York
skypher,San Francisco
four-growers,"Pittsburgh, PA"
cardda,"Santiago, Chile"
massdriver,"Los Angeles, CA"
cero,"Santiago, Chile"
afriex,San Francisco
orbiter,San Francisco
hive,"Kitchener, Canada"
vahan,"Bengaluru, India"
taste,New York
lokal,"Bengaluru, India"
tinker,"Schiphol, Netherlands"
zen99,Mountain View
spaceryde,"Toronto, Canada"
recordbook,"Bengaluru, India"
moonshot-brands,"Oakland, CA"
better-opinions,"Gurugram, India"
64x-bio,San Francisco
the-flex-company,"Los Angeles, CA"
inporia,San Francisco
supabase,Singapore
pina-earth,"Munich, Germany"
loop-health,"Pune, India"
biorender,"Toronto, Canada"
clover,NY
nophin,New York
zenflow,"South San Francisco, CA"
instacrops,"Santiago, Chile"
humble-bundle,San Francisco
karbon-card,"Bengaluru, India"
mailgun,San Francisco
nabis,San Francisco
compra-rapida,"São Paulo, Brazil"
tint,San Francisco
sliced-investing,San Francisco
businessonbot,"Bengaluru, India"
ravti,New York
radar,New York
tech-in-asia,Singapore
bueno-finance,"Gurugram, India"
petcube,San Francisco
cofactr,NY
lsk-technologies,"Toronto, Canada"
sinai,San Francisco
pilot,San Francisco
vendy,"Lagos, Nigeria"
mixpanel,San Francisco
courier,San Francisco
cabal,San Francisco
plai,"Los Angeles, CA"
simple-habit,San Francisco
menten-ai,San Francisco
heysan,San Francisco
sqreen,San Francisco
glassmap,San Francisco
mutiny,San Francisco
chatpay,Brazil
pullrequest,"Austin, TX"
kippt,San Francisco
dost-education,India
creizer,"Mexico City, Mexico"
thematic,San Francisco
gitprime,"Durango, CO"
taloflow,"Santa Monica, CA"
forever-labs,"Ann Arbor, MI"
templarbit,San Francisco
jitsu,San Francisco
riot,"Paris, France"
trendpop,San Francisco
chargehound,"Oakland, CA"
impraise,"Amsterdam, Netherlands"
smyte,San Francisco
curtsy,San Francisco
wheelys-cafe,"Stockholm, Sweden"
cheqout,San Francisco
deel,San Francisco
thunkable,San Francisco
shipper,Indonesia
phoenix-hydrogen,"Berkeley, CA"
ajaib,Indonesia
spero-foods,"Oakland, CA"
socialmoth,San Francisco
alemhealth,Singapore
snappr,San Francisco
bewell-digital,"Coimbatore, India"
the-good-food-institute,"Washington, DC"
magic,San Francisco
bizzy,San Francisco
briohr,"Kuala Lumpur, Malaysia"
zenith,"El Cerrito, CA"
topship,"Lagos, Nigeria"
lumina,"Jakarta, Indonesia"
beeper,Palo Alto
azuki,San Francisco
mazumago,"Victoria, Canada"
morphle,"Bengaluru, India"
hellometer,"Los Angeles, CA"
voiceops,San Francisco
rebill,"Buenos Aires, Argentina"
tractian,"São Paulo, Brazil"
honeydue,San Francisco
veriff,"Tallinn, Estonia"
cureskin,"Bengaluru, India"
wingman,"Bengaluru, India"
fractional,San Francisco
quickcard,San Francisco
backerkit,San Francisco
acciojob,"Gurugram, India"
picktrace,"Los Angeles, CA"
datrics,San Francisco
aleph,New York
able-jobs,"Bengaluru, India"
fogbender,"Oakland, CA"
locoai,
juicy-marbles,"Ljubljana, Slovenia"
precious,San Francisco
pocketsuite,San Francisco
oneschema,San Francisco
coin,San Francisco
jitx,"Berkeley, CA"
contalink,"Monterrey, Mexico"
titipku,"Jakarta, Indonesia"
rosebud-biosciences,"San Carlos, CA"
locale,"San Jose, CA"
argus,New York
helloverify,"Noida, India"
strac,"Bellevue, WA"
evry-health,"Dallas, TX"
peer5,Palo Alto
greaseboss,"Sunshine Coast, Australia"
z1,"São Paulo, Brazil"
trestle-biotherapeutics,"San Diego, CA"
feroot-security,"Toronto, Canada"
booktrope,"Seattle, WA"
culdesac,"Tempe, AZ"
cash-flow-portal,"Seattle, WA"
plover-parametrics,San Francisco
olaclick,"Lima, Peru"
pillarplus,"Mumbai, India"
bop-fm,San Francisco
lineleap,San Francisco
osimple,"Kitchener, Canada"
persistiq,"San Mateo, CA"
convex,San Francisco
nowpay,"Cairo, Egypt"
securly,"San Jose, CA"
my-nextderma,"Zapopan, Mexico"
dataform,"London, United Kingdom"
spade,"Vancouver, Canada"
playment,"Bengaluru, India"
polyops,"Los Angeles, CA"
volopay,Singapore
focal-systems,"Burlingame, CA"
bitmovin,San Francisco
nasdisc,San Francisco
lyrebird,"Montreal, Canada"
upwave,San Francisco
bright,"Mexico City, Mexico"
zergo,"Waterloo, Canada"
enode,"Oslo, Norway"
cardpool,San Francisco
atomwise,San Francisco
democracy-earth,"Madrid, Spain"
hoytrabajas,"Bogotá, Colombia"
broad,"London, United Kingdom"
fithub-2,"Barranquilla, Colombia"
medinas-health,San Francisco
mind-emulation-foundation,
sendbox,"Lagos, Nigeria"
vendoo,"Washington, DC"
mosaicvoice,"Oakland, CA"
microverse,"Remote, OR"
tuva-health,"Salt Lake City, UT"
pnoe,"Athens, Greece"
hello-chair,San Francisco
moons,"Mexico City, Mexico"
nextpay,"Makati, Philippines"
names-and-faces,Palo Alto
futureleague,"Hughson, CA"
gocomm,Mountain View
clickfacts,San Francisco
seerslab,Palo Alto
arcus,New York
helion-energy,"Everett, WA"
flextock,"Cairo, Egypt"
the-human-utility,"Oakland, CA"
dronebase,"Santa Monica, CA"
nettrons,San Francisco
invezo,"Denver, CO"
railbird,New York
pocket-worlds,"Austin, TX"
paragon-one,New York
lifecast,Palo Alto
switchboard,"Vancouver, Canada"
basement,New York
omnivirt,San Francisco
mindee,"Paris, France"
tara-ai,"San Jose, CA"
zyper,San Francisco
virool,San Francisco
soylent,"Los Angeles, CA"
authy,San Francisco
credpal,"Lagos, Nigeria"
audm,New York
intersect-labs,"San Diego, CA"
hermes-robotics,San Francisco
okay,San Francisco
peekapak,"Toronto, Canada"
hingeto,"Oakland, CA"
lotuspay,"Bengaluru, India"
bankjoy,"Troy, MI"
bunkyr,"Denver, CO"
hickory,New York
aerofs,Palo Alto
wufoo,"Tampa, FL"
therecraft,"Los Angeles, CA"
workpay,"Nairobi, Kenya"
edwin,San Francisco
checkr,San Francisco
perl-street,"Austin, TX"
ledger-investing,
debrief,San Francisco
bree,"Vancouver, Canada"
reach-live,Mountain View
oklo,"Sunnyvale, CA"
fam,New York
bump,Mountain View
labdoor,San Francisco
wayup,New York
headstart,"London, United Kingdom"
circle,San Francisco
unfurl,San Francisco
kilobaser,"Graz, Austria"
billforward,San Francisco
triomics,"Gurugram, India"
estimote-inc,"Kraków, Poland"
unnyhog,"Los Angeles, CA"
gilgamesh-pharmaceuticals,New York
allcancode,"Athens, Greece"
waterplan,San Francisco
cashfree-payments,"Bengaluru, India"
yummy-inc,"Caracas, Venezuela"
outtalent,San Francisco
impactive,Boston
sunsama,"Oakland, CA"
rappi,"Bogotá, Colombia"
vacationhomerents,"Seattle, WA"
yourmechanic,Mountain View
olark,"Ann Arbor, MI"
simplyinsured,San Francisco
great-question,"Oakland, CA"
flux,"Mexico City, Mexico"
blotout,"Fremont, CA"
280-north,San Francisco
pakible,San Francisco
buxfer,"Santa Clara, CA"
cognito,Palo Alto
20n,San Francisco
podcast-app,San Francisco
advantage-club,"Gurugram, India"
replenish,"San Leandro, CA"
nexgent,"San Jose, CA"
imgfave,San Francisco
buildscience,"Niagara Falls, NY"
one-month,New York
origami-therapeutics-inc,"San Diego, CA"
axdraft,"Kyiv, Ukraine"
shift-labs,"Seattle, WA"
hippobuild,"Bogotá, Colombia"
manycore,San Francisco
prime-lightworks,"Culver City, CA"
probably-genetic,San Francisco
zentail,"Columbia, MD"
circuitlab,"Redwood City, CA"
questdb,"London, United Kingdom"
sirum,Palo Alto
makrwatch,New York
waterfx,CA
parakey,"Mountain view, CA"
wanderlog,San Francisco
semantix,San Francisco
todos-comemos,"Bogota, Colombia"
realtybits,Palo Alto
ebrandvalue,Mountain View
monet,"Miami, FL"
parsagon,San Francisco
nyckel,CA
spotangels,San Francisco
readme,San Francisco
cloud-humans,"São Paulo, Brazil"
treble-ai,"Bogotá, Colombia"
seis,San Francisco
sunu,"Zapopan, Mexico"
benepass,New York
vinco,"Monterrey, Mexico"
shopagram,
notabene,New York
sapling-intelligence,San Francisco
cartpanda,"São Paulo, Brazil"
bimaplan,"Mumbai, India"
covetly,New York
copia,San Francisco
the-juggernaut,New York
synthetic-minds,San Francisco
kanda,"Birmingham, United Kingdom"
sonar,San Francisco
takt,"Chicago, IL"
swiftsku,"Birmingham, AL"
token-transit,San Francisco
hyperbeam,"Waterloo, Canada"
pursuit-2,"Ottawa Hills, OH"
udhaar-app,"Karachi, Pakistan"
stablegains,
quad,San Francisco
x3-builders,"San Jose, CA"
cashbook,
brex,San Francisco
ross-intelligence,San Francisco
dropezy,"Jakarta, Indonesia"
stairs-financial,New York
holy-grail-inc,CA
traverse-technologies,Singapore
zage,San Francisco
alltruists,"Los Angeles, CA"
user-hero,San Francisco
iron-leap,San Francisco
mobydish,San Francisco
pensil,"Gurugram, India"
requestly,"New Delhi, India"
underground-cellar,San Francisco
paystack,"Lagos, Nigeria"
chartio,San Francisco
mythia,San Francisco
balto,San Francisco
bobidi,"Los Gatos, CA"
sixty,San Francisco
leap-club,India
dealyze,San Francisco
yhat,NY
worksphere,"Seattle, WA"
mintlify,San Francisco
peakflo,Singapore
rthm,"Redwood City, CA"
interprime,"Menlo Park, CA"
equipmentshare,"Columbia, MO"
industrial-microbes,"Alameda, CA"
class-connect,San Francisco
mayhem,San Francisco
flux-2,"Lagos, Nigeria"
shape-shapescale,San Francisco
moltin,Boston
cutr,"Amsterdam, Netherlands"
8vdx,"Norwalk, CT"
instacart,San Francisco
kickpay,San Francisco
protego,"Bogotá, Colombia"
placenote,"Toronto, Canada"
prophone,New York
pactima,"Ottawa, Canada"
industrial-next,San Francisco
kickback,San Francisco
webapp-io,"Toronto, Canada"
people-and-pages,
brightloop,Boston
indinero,"Portland, OR"
sigopt,San Francisco
plumter,"Lagos, Nigeria"
nestybox,"San Jose, CA"
edpuzzle,San Francisco
scrimba,"Oslo, Norway"
custora,New York
standard-cyborg,San Francisco
cognition-ip,San Francisco
tequitable,"Oakland, CA"
kredi,"Monterrey, Mexico"
valor-water-analytics,San Francisco
trac,"Chicago, IL"
trinket,"Durham, NC"
exceptionally,"Atlanta, GA"
natero,Mountain View
hubble,"London, United Kingdom"
castle-2,San Francisco
culture-biosciences,"South San Francisco, CA"
cherry-recommends,Singapore
experiment,"Honolulu, HI"
oureye-ai,"Bengaluru, India"
taktile,"Berlin, Germany"
liyfe,"New Haven, CT"
cuanto,"Panama City, Panama"
paneau,San Francisco
deep-meditate,"Waterloo, Canada"
laguna,San Francisco
tachyon,Mountain View
munchies,"Berkeley, CA"
phonic,"Foster City, CA"
nugget,
statiq,"Gurugram, India"
mergent,"Austin, TX"
polly,San Francisco
operator,New York
momence,San Francisco
genecis-bio,"Toronto, Canada"
aspen-cloud,
pangea-app,"Providence, RI"
dailybooth,San Francisco
the-essential,San Francisco
procoto,"St. Petersburg, FL"
let-s-do-this,"London, United Kingdom"
pengram,"Santa Clara, CA"
tap-to-learn,"Menlo Park, CA"
radix-labs,"Cambridge, MA"
vanhawks,"Toronto, Canada"
fastpad,"Bengaluru, India"
vanta,San Francisco
darmiyan,San Francisco
alieo-games,"Edmonton, Canada"
ready-for-zero,"Los Angeles, CA"
onetool,"Berlin, Germany"
aalo,"Toronto, Canada"
qvin,"Menlo Park, CA"
look-after-my-bills,United Kingdom
apportable,San Francisco
tagmango,"Kolkata, India"
onesignal,"San Mateo, CA"
social-construct,San Francisco
union-apartment,"Los Angeles, CA"
tradeup,New York
bhrd,"Toronto, Canada"
datlo,"Maringá, Brazil"
heap,San Francisco
polytomic,San Francisco
cinder,Palo Alto
yourquote,"Bengaluru, India"
fresh-factory,"Jakarta, Indonesia"
human-dx,San Francisco
myvr,San Francisco
famegame,
basedash,"Montreal, Canada"
lemonbox,"Beijing, China"
eazipay-inc,"Lagos, Nigeria"
coral-genomics,San Francisco
lully,San Francisco
axoni,New York
delee,"Monterrey, Mexico"
miru,San Francisco
gerostate-alpha,"Novato, CA"
matterport,"Sunnyvale, CA"
lemonade-finance,"Abuja, Nigeria"
dnovo,"San Jose, CA"
mudrex,Mountain View
verbling,San Francisco
aesculatech,"Los Angeles, CA"
tioki,San Francisco
paperspace,NY
prism-labs,San Francisco
inokyo,San Francisco
rume,San Francisco
nectome,"South San Francisco, CA"
viya,"Monterrey, Mexico"
socksoho,San Francisco
finch,San Francisco
openwrench,San Francisco
sage-care,"Toronto, Canada"
yourchoice-therapeutics,"Berkeley, CA"
camelan,"London, United Kingdom"
monthli,San Francisco
boardcave,"Gold Coast, Australia"
cuboh,"Victoria, Canada"
asseta,"Newport Beach, CA"
orbillion-bio,San Francisco
chesscademy,New York
sixfold-bioscience,"London, United Kingdom"
key-values,
maitian-ai,Singapore
superb-ai,"San Mateo, CA"
kitemaker,"Oslo, Norway"
tingo,"Gurugram, India"
suggestr,Singapore
durioo,"Cyberjaya, Malaysia"
hotswap,New York
shiru,"Emeryville, CA"
replika,San Francisco
elementary,"Tel Aviv-Yafo, Israel"
sprintai,"Bengaluru, India"
oto,"London, United Kingdom"
tingles,San Francisco
envkey,San Francisco
lawyaw,San Francisco
necto,San Francisco
helpnow,"Mumbai, India"
bipi,"Jakarta, Indonesia"
marft,
jumpchat,Palo Alto
memamp,"Somerville, MA"
nucypher,"Austin, TX"
nextop,
koshex,"Bengaluru, India"
higherme,"Toronto, Canada"
malloc,"Nicosia, Cyprus"
cyberfend,"Santa Clara, CA"
fit-to-form,San Francisco
fastfarma,"Quito, Ecuador"
lifeat,"Seattle, WA"
kaso,"Dubai, United Arab Emirates"
purpose,San Francisco
plurchase,San Francisco
pirouette-medical,Boston
posthaven,San Francisco
shasqi,San Francisco
buildspace,San Francisco
eze,San Francisco
nowports,"Monterrey, Mexico"
eva-center,"Mexico City, Mexico"
pigeonly,"Las Vegas, NV"
telmai,"Foster City, CA"
litebulb,"Toronto, Canada"
admitsee,San Francisco
slik,San Francisco
riley,New York
mindori,Palo Alto
unbabel,San Francisco
2cents,San Francisco
lendsnap,"Berkeley, CA"
chatfuel,San Francisco
heroku,San Francisco
keeper,"Austin, TX"
meetingbird,San Francisco
albedo,"Austin, TX"
zestful,"Denver, CO"
tremendous,San Francisco
helium-health,"Lagos, Nigeria"
curri,"Ventura, CA"
genei,"London, United Kingdom"
lightmeter,"London, United Kingdom"
taxproper,"Chicago, IL"
vidcode,San Francisco
nutrigene,San Francisco
alloy-automation,New York
shield-bio,"San Jose, CA"
posh,San Francisco
preclusio,"Redwood City, CA"
vizy,San Francisco
greentoe,"Los Angeles, CA"
teabot,"Toronto, Canada"
innerspace,San Francisco
mono,"Lagos, Nigeria"
simetrik,"Bogotá, Colombia"
truepill,"San Mateo, CA"
workflowy,San Francisco
venuetastic,San Francisco
apurata,"Lima, Peru"
zeroheight,"London, United Kingdom"
close,
you-got-listings-inc,
worldcover,New York
riya-collective,San Francisco
tag,"Islamabad, Pakistan"
enlightra,"Ecublens, Switzerland"
arda,India
geosite,Palo Alto
decentro,"Bengaluru, India"
dockup,Mountain View
rare-door,San Francisco
raven-tech,"Beijing, China"
invert,"Copenhagen, Denmark"
instavest,Mountain View
modoo-technology,"Beijing, China"
inkhunter,San Francisco
devflight,"Somerville, MA"
saratoga-energy,"Berkeley, CA"
transcriptic,"Menlo Park, CA"
cofactor-genomics,"St. Louis, MO"
metricwire,"Kitchener, Canada"
enflux,San Francisco
antwalk,"Bengaluru, India"
rider,"Karachi, Pakistan"
pluto-markets,"Copenhagen, Denmark"
fuzzbuzz,San Francisco
cadence,San Francisco
utvate-corporation,San Francisco
dapi,San Francisco
easel,CA
stackq,
xgenomes,"Cambridge, MA"
partnerstack,"Toronto, Canada"
scope-ar,San Francisco
coreos,San Francisco
keeper-tax,San Francisco
axiom-ai,"London, United Kingdom"
inflow,"London, United Kingdom"
siphox,"Burlington, MA"
positive,"Los Angeles, CA"
routine,"Paris, France"
finantier,Singapore
marble,"Seattle, WA"
joy,San Francisco
imgix,San Francisco
singlestore,San Francisco
sanitation-and-health-rights-in-india-shri,India
heroic-labs,"London, United Kingdom"
pideaky,"Monterrey, Mexico"
talkbin,Mountain View
airmada,Boston
mofe,New York
paymongo,"Taguig, Philippines"
storyworth,"Stockholm, Sweden"
xix-ai,San Francisco
voicegem,San Francisco
z-imaging,Boston
request-network,"Paris, France"
glio,"Rio de Janeiro, Brazil"
prayas-analytics,New York
miso,"Seoul, South Korea"
volt-health,Mountain View
simplify-jobs,San Francisco
doordash,San Francisco
bloom,"Oakland, CA"
biocogniv,"Burlington, VT"
videonotes,Palo Alto
caire-health,FL
million-marker,"Berkeley, CA"
call9,NY
mypetrolpump,"Bengaluru, India"
mindportal,San Francisco
roomblocker,San Francisco
appcubator,Mountain View
exec,San Francisco
weave-2,San Francisco
nototo,"Vancouver, Canada"
ovipost,"LaBelle, FL"
material-depot,"Bengaluru, India"
netclick-inc,"Kitchener, Canada"
yesgraph,Palo Alto
spokn,New York
lygos,San Francisco
verge-genomics,San Francisco
real-artists,
bloom-2,"Khartoum, Sudan"
upverter,"Toronto, Canada"
penny,San Francisco
tahora,"London, United Kingdom"
hypermile,"London, United Kingdom"
clustrix,San Francisco
spoil,"Berkeley, CA"
loom,San Francisco
apollo,San Francisco
cocusocial,New York
hydra,San Francisco
finku,"Jakarta, Indonesia"
excepgen,San Francisco
viosera-therapeutics,"Overland, MO"
branch8,Hong Kong
alga-biosciences,San Francisco
datafold,New York
waystocap,"Casablanca, Morocco"
memberstack,"Williamsburg, VA"
okani,"Mexico City, Mexico"
prospa,"Lagos, Nigeria"
elucify,San Francisco
mio,"Austin, TX"
hypcloud,"Berlin, Germany"
safebeat-rx,San Francisco
dropleaf,"Seattle, WA"
uh-oh-labs,"Santa Clara, CA"
kivo,Palo Alto
matter,San Francisco
luminist-labs,"Newark, CA"
the-muse,New York
foxpass,San Francisco
afrostream,"Paris, France"
federacy,San Francisco
bodyport,San Francisco
teamout,"Los Angeles, CA"
revery-ai,"Emeryville, CA"
sphere-secure-workspace,"London, United Kingdom"
cloudstitch,San Francisco
lygg,Palo Alto
swish,Palo Alto
localon,San Francisco
amulyte,Mountain View
jeugene,New York
goodcover,San Francisco
abalone-bio,"Emeryville, CA"
whaly,"Paris, France"
authzed,New York
codecombat,San Francisco
bayes-impact,San Francisco
microhealth,New York
farel,San Francisco
picwing,San Francisco
doblet,San Francisco
hapi,San Francisco
kisan-network,"Gurugram, India"
anima-app,New York
threadable,San Francisco
hoverchat,"Santa Clara, CA"
style-lend,New York
cashmere,San Francisco
airhelp,New York
zipx,Hong Kong
hokali,San Francisco
quest,"Amsterdam, Netherlands"
sturdy,"Stockholm, Sweden"
ready,San Francisco
segment,San Francisco
prolific,"London, United Kingdom"
zinc,San Francisco
oolu,"Dakar, Senegal"
encuadrado,"Santiago, Chile"
muzmatch,"London, United Kingdom"
study-edge,"Gainesville, FL"
gitlab,San Francisco
piinpoint,"Kitchener, Canada"
imhome,Mountain View
pearl,San Francisco
screenhero,Mountain View
opsolutely,San Francisco
faire,San Francisco
roverride,San Francisco
teespring,San Francisco
cheetah,San Francisco
insight-data-science,Palo Alto
plate-iq,"Emeryville, CA"
meticulous,"London, United Kingdom"
boom,"Englewood, CO"
streamup,"Santa Monica, CA"
twitch,San Francisco
reschedule-med,New York
final,"Oakland, CA"
vernox,"Berkeley, CA"
deako,"Seattle, WA"
teamnote,"Hong Kong, Hong Kong"
educreations,Palo Alto
goodybag,"Austin, TX"
lovd,New York
mage,"Kiel, Germany"
lugg,San Francisco
balance,San Francisco
tantl,San Francisco
oneistox,India
aisle50,"Chicago, IL"
font-awesome,"Bentonville, AR"
pretty-instant,Boston
lenco,"Lagos, Nigeria"
emburse,San Francisco
accord,San Francisco
plato,San Francisco
locent,"Santa Monica, CA"
urodev-medical,"San Clemente, CA"
redspread,Mountain View
physiohealth,
byte,"Lahore, Pakistan"
latchel,"Seattle, WA"
qventus,Mountain View
influxdata,San Francisco
meter-feeder,"Pittsburgh, PA"
algolia,San Francisco
supersheets,"London, United Kingdom"
livement,"Guadalajara, Mexico"
onboard-io,"Detroit, MI"
outschool,San Francisco
aviron-interactive,"Toronto, Canada"
just-appraised,Palo Alto
haywheel,New York
airfordable,"Chicago, IL"
devcolor,San Francisco
500friends,San Francisco
pyroscope,"Oakland, CA"
project-wedding,"Bethesda, MD"
openai,San Francisco
tpaga,"Bogota, Colombia"
rigplenish,"Cupertino, CA"
mirror-ai,San Francisco
vectrix,San Francisco
saleswhale,Singapore
gecko-robotics,"Austin, TX"
airo-health,San Francisco
goodfin,"Santa Monica, CA"
techmate,New York
cellchorus,"Houston, TX"
candid-health,San Francisco
swipehouse,"Cambridge, MA"
scentbird,New York
shred-video,San Francisco
hellosign,San Francisco
winno,San Francisco
recurious,Mountain View
talkable,San Francisco
compound-writing,New York
coco,San Francisco
spot-2,"Cincinnati, OH"
smart-alto,"Birmingham, AL"
bios,"Cambridge, United Kingdom"
joe,"Paris, France"
aclu,New York
beek,"Mexico City, Mexico"
legistify,"Gurugram, India"
wevorce,"Bothell, WA"
go1,San Francisco
lithit,
niles,San Francisco
aspire,Singapore
california-dreamin,"Sacramento, CA"
bento,San Francisco
cortex,San Francisco
tetra,San Francisco
estoca,"São Paulo, Brazil"
the-ticket-fairy,"Los Angeles, CA"
volansi,San Francisco
nash-2,"Nairobi, Kenya"
gosats,"Bengaluru, India"
relationship-hero,San Francisco
pulley,Mountain View
fetch,"Atlanta, GA"
mimir,"Indianapolis, IN"
digiventures,"Buenos Aires, Argentina"
terark,"Beijing, China"
wibond,"Córdoba, Argentina"
klarismo,"London, United Kingdom"
palitronica-inc,"Kitchener, Canada"
boya,"Nairobi, Kenya"
chillabit,Palo Alto
sequin,San Francisco
wit-ai,Palo Alto
celeri,"Buenos Aires, Argentina"
hioperator,San Francisco
eyrene,"Riga, Latvia"
spruce-systems-inc,New York
constructvr,San Francisco
seed,San Francisco
gamelynx,"Santa Monica, CA"
guggy,"Tel Aviv-Yafo, Israel"
arc-2,San Francisco
phase-biolabs,"Nottingham, United Kingdom"
wifi-dabba-inc,"Bengaluru, India"
messagebird,"Amsterdam, Netherlands"
reduced-energy-microsystems,San Francisco
her,San Francisco
vive,New York
arpari,New York
wyvern,"Edmonton, Canada"
trackingplan,"Barcelona, Spain"
wepay,"Redwood City, CA"
circular,Singapore
windwalk-games,San Francisco
openbiome,"Cambridge, MA"
haiku,San Francisco
pointer,"Fort Worth, TX"
penta-medical,"Waterloo, Canada"
philippo,"Santiago, Chile"
terapify,"Guadalajara, Mexico"
logarithm-labs,"Foster City, CA"
meitre,Palo Alto
sequence-bio,"St. John's, Canada"
science-exchange,Palo Alto
askmyclass,"Menlo Park, CA"
myria,"Los Angeles, CA"
mederva-health,San Francisco
brainhi,"San Juan, Puerto Rico"
payourse,"Lagos, Nigeria"
apollo-health,
data-driven-bioscience,"Durham, NC"
tall-poppy,San Francisco
talentdrop,"Atherton, CA"
notable-labs,"Foster City, CA"
jetlenses,New York
elphinstone-inc,"Karachi, Pakistan"
seabound,"London, United Kingdom"
vaycayhero,San Francisco
synvivia,"Berkeley, CA"
numericcal-inc,San Francisco
shimmer,San Francisco
brist,San Francisco
maderight,"San Mateo, CA"
rankscience,New York
soon,"Salt Lake City, UT"
sourcedna,"Oakland, CA"
bluecrew,"Chicago, IL"
matrubials-inc,"Davis, CA"
helix-nanotechnologies,"Cambridge, MA"
zpredicta,"San Jose, CA"
alima,"Mexico City, Mexico"
serif-health,"Los Angeles, CA"
openland,San Francisco
oncobox,"Walnut, CA"
together-video-chat,"Barcelona, Spain"
gigabryte,Palo Alto
arintra,"Austin, TX"
skyways,"Austin, TX"
x-zell,Singapore
safebutler,"Sunnyvale, CA"
rev-genomics,"Oakland, CA"
laylo,"Los Angeles, CA"
rabbet,"Austin, TX"
opearlo,"London, United Kingdom"
dioptra-ai,New York
bonfire,Canada
seam,San Francisco
nextdrop,"Bengaluru, India"
cloudeagle-ai,Palo Alto
taiv,"Winnipeg, Canada"
corecare,New York
ridealong,San Francisco
value-voting,
avion,"Addis Ababa, Ethiopia"
learnsprout,San Francisco
farmtheory,"Bengaluru, India"
surematics,San Francisco
flike,San Francisco
ohm,"San Jose, CA"
1build,"Oregon City, OR"
convox,"Atlanta, GA"
markhor,San Francisco
carrot-fertility,San Francisco
codingal,"Bengaluru, India"
triplebyte,San Francisco
aerones,"Riga, Latvia"
the-third-place,San Francisco
solve,"Las Vegas, NV"
oxio,"Quebec City, Canada"
fleek,San Francisco
quero-education,"São José dos Campos, Brazil"
enzyme,San Francisco
mars-auto,"Seoul, South Korea"
frubana-inc,"São Paulo, Brazil"
flirtey,"Reno, NV"
stealth-worker,"Menlo Park, CA"
goosebump,"Paris, France"
mogen,Palo Alto
eto,San Francisco
pair-team,San Francisco
payable,San Francisco
version-story,San Francisco
index-3,San Francisco
paid,San Francisco
women-com,"San Mateo, CA"
cambridge-cancer-genomics,"Cambridge, United Kingdom"
baubap,"Mexico City, Mexico"
starcity,San Francisco
flutter,"Santa Monica, CA"
zynq,San Francisco
grouper,New York
leada,"Berkeley, CA"
wareiq,"Bengaluru, India"
informed-k12,San Francisco
interviewed,"Austin, TX"
shotput,"Oakland, CA"
pragmatic-leaders,"Gurugram, India"
blitz-esports,"Berkeley, CA"
embark-trucks,San Francisco
glimpse-k12,"Huntsville, AL"
sixwheel,"San Mateo, CA"
vathys,"Portland, OR"
archform,"San Jose, CA"
apolloshield,"Tel Aviv-Yafo, Israel"
voyage-biomedical,"Berkeley, CA"
givemetap,"London, United Kingdom"
erudifi,Singapore
senic,"Berlin, Germany"
kirkland-north,San Francisco
rhythmm,Mountain View
remix,San Francisco
1flow,San Francisco
emailio,
rune,San Francisco
vidpresso,"Ogden, UT"
covie,"Austin, TX"
two-tap,San Francisco
flinto,"Mexico City, Mexico"
kitekraft,"Munich, Germany"
sharpestminds,"Toronto, Canada"
the-ankler,"Los Angeles, CA"
gamebytes,New York
overfit,Mountain View
motionlead,"Paris, France"
artifact,San Francisco
farmlogs,"Ann Arbor, MI"
sunfolding,San Francisco
pit-ai,San Francisco
ben,"San Diego, CA"
inedit-brandazine,South Korea
hexel,San Francisco
hive-health,Philippines
obsidian-labs,San Francisco
groww,"Bengaluru, India"
safepay,San Francisco
salarybook,"Bengaluru, India"
duplo,"Lagos, Nigeria"
worklife,San Francisco
tensil,San Francisco
nimbus,"Ann Arbor, MI"
humbee,"Bengaluru, India"
onfolk,"London, United Kingdom"
yardbook,"San Mateo, CA"
gitduck,San Francisco
trella,"Cairo, Egypt"
nudgelabs,"Stockholm, Sweden"
remedial-health,"Lagos, Nigeria"
byte-kitchen,"San Mateo, CA"
parade,"Seattle, WA"
jopwell,New York
sails-co,"Austin, TX"
isono-health,San Francisco
mayaeats,"Sunnyvale, CA"
simplifyd-systems,"Lagos, Nigeria"
asayer,"Paris, France"
bandit-ml,San Francisco
sfa-therapeutics-inc,"Philadelphia, PA"
welcome,San Francisco
containiq,"Hoboken, NJ"
edyn,"Oakland, CA"
basis,New York
jestor,San Francisco
signoz,"Bengaluru, India"
release,"Los Angeles, CA"
business-score,
bluesmart,New York
wright-electric,"Albany, NY"
coub,"Moscow, Russia"
sable,New York
betterhalf,"Bengaluru, India"
shopr-tv,"Bengaluru, India"
dojah,"Lagos, Nigeria"
vimmerse,"San Jose, CA"
sturdy-finance,
hatchways,"Toronto, Canada"
dsk,
frey,CA
boost-biomes,"Brisbane, CA"
felix-biotechnology,San Francisco
kaizena,Palo Alto
edusight,"Toronto, Canada"
salt,"Bengaluru, India"
tributi,Colombia
nextravel,San Francisco
paladin-drones,"Houston, TX"
per-vices,"Toronto, Canada"
supernova,"Prague, Czech Republic"
mission-100,"Durham, NC"
socrative,"Cambridge, MA"
codehs,"Chicago, IL"
tickle,San Francisco
sesame,San Francisco
mathchat,"San Mateo, CA"
formative,"Inglewood, CA"
classroomiq,"Chicago, IL"
readworks,New York
kaymbu,Boston
eduvant,"Austin, TX"
educents,San Francisco
campfire,"Toronto, Canada"
remind,San Francisco
macromoltek,"Austin, TX"
geddit,Palo Alto
oico,"São Paulo, Brazil"
next-tech,"Oakland, CA"
instagrok,"Berkeley, CA"
answer-ky,San Francisco
pantore,"São Paulo, Brazil"
mylk-guys,San Francisco
prenda,"Mesa, AZ"
edshelf,"San Mateo, CA"
l,San Francisco
strideq,Mountain View
splashup,
storylane,"Santa Clara, CA"
luminate-medical,"Galway, Ireland"
safebase,San Francisco
kudi,"Lagos, Nigeria"
jeeves,New York
lambda-tea,
revercare,New York
lightwell,New York
khabri,"New Delhi, India"
exosonic-inc,"Los Angeles, CA"
traces,Mountain View
zoios,"Copenhagen, Denmark"
mipos-dev,"Mexico City, Mexico"
covela,"Mexico City, Mexico"
blushh,South Korea
skydropx,"Monterrey, Mexico"
whitelab-genomics,"Paris, France"
safely-finance,Mountain View
innamed,"Philadelphia, PA"
shift-health,"Lehi, UT"
sycamore,
firsthand,
ole,"Tel Aviv-Yafo, Israel"
cymmetria,"Tel Aviv-Yafo, Israel"
quotabook,South Korea
onechronos,New York
krab,"Hyderabad, India"
scoutzie,Palo Alto
graft-concepts,Mountain View
kickup,"Philadelphia, PA"
wereno,"Toronto, Canada"
kidpass,New York
compgun,San Francisco
poppy,"Seattle, WA"
potion,San Francisco
strikingly,"Shanghai, China"
apozy,San Francisco
telematica,"Bengaluru, India"
breaker,San Francisco
bulletin,New York
signadot,"San Mateo, CA"
humane-genomics,New York
webflow,San Francisco
rose-rocket,"Toronto, Canada"
confident-cannabis,Palo Alto
inbalance,"Cambridge, MA"
parse,"Menlo Park, CA"
take-app,Singapore
recover,"San Diego, CA"
eventual,San Francisco
argo,"Los Angeles, CA"
zippi,"São Paulo, Brazil"
permutive,"London, United Kingdom"
curebase,San Francisco
mysterious,San Francisco
pixate,Palo Alto
algoriz,New York
homeroom,"San Jose, CA"
toymail,New York
neodocs,"Mumbai, India"
second-measure,"San Mateo, CA"
infiuss-health,"Lagos, Nigeria"
trii,"Miami, FL"
voodoo-manufacturing,NY
uplabs,San Francisco
unbox,San Francisco
coinbase,San Francisco
herald,"Dublin, CA"
posturehealth-inc,
casetext,San Francisco
cloudanix,"Sunnyvale, CA"
able-health,San Francisco
photoroom,"Paris, France"
liliumx,"London, United Kingdom"
squire-technologies,New York
hudu,"Fort Collins, CO"
vouch,San Francisco
known-medicine,"Salt Lake City, UT"
zapier,Mountain View
supertokens,San Francisco
rally-2,New York
tajir,"Lahore, Pakistan"
codecademy,New York
gigwell,"Los Angeles, CA"
lunajoy,"Atlanta, GA"
weekday,"Bengaluru, India"
gitstart,San Francisco
compound,San Francisco
onefin,"Bengaluru, India"
validere,"Toronto, Canada"
june,San Francisco
mentalhappy,San Francisco
akudo,"Bengaluru, India"
impossible-mining,"San Jose, CA"
priime,San Francisco
jido-maps,"Berkeley, CA"
weave,"Lehi, UT"
aisupervision,"Mannheim, Germany"
djamo,"Abidjan, Côte D'Ivoire"
actiondesk,San Francisco
h3x-technologies,"Denver, CO"
mineralsoft,"Austin, TX"
open-motors,Palo Alto
reality-defender,New York
nino-foods,"Mumbai, India"
conta-simples,"São Paulo, Brazil"
laudable,
explo,San Francisco
healthlane,"Lagos, Nigeria"
millibatt-inc,"Los Angeles, CA"
goalbook,"San Mateo, CA"
gimo,"Hanoi, Vietnam"
buildplane,
gavel,"Berlin, Germany"
modernbanc,San Francisco
opentrons,New York
bite-ninja,"Memphis, TN"
hogaru,"Bogotá, Colombia"
razorpay,"Bengaluru, India"
bloom-institute-of-technology,San Francisco
kodo,"Mumbai, India"
memfault,San Francisco
jumpwire,Boston
studystream,"London, United Kingdom"
visly,"London, United Kingdom"
getaccept,San Francisco
hedgehog,"San Jose, CA"
function-of-beauty,New York
emerge-tools,"Santa Monica, CA"
nebia,San Francisco
kiwify,Brazil
bulldozair,"Paris, France"
interstate-analytics,San Francisco
patchwork-security,"Oakland, CA"
golorry,"Hyderabad, India"
our-world-in-data,"Oxford, United Kingdom"
arpeggio-bio,"Boulder, CO"
fifthtry,"Bengaluru, India"
yhangry,"London, United Kingdom"
klarity,San Francisco
angle-health,San Francisco
solosuit,"Provo, UT"
hoss,"Austin, TX"
dime,San Francisco
tuli-health,"London, United Kingdom"
writesonic,San Francisco
doola,New York
flowspace,"Los Angeles, CA"
short-story,San Francisco
aesthetic,New York
haddock,"Barcelona, Spain"
openunit,"Toronto, Canada"
mrelief,"Chicago, IL"
carbic,San Francisco
georgette-packaging,"Kitchener, Canada"
91squarefeet,"Gurugram, India"
classkick,"Chicago, IL"
panorama-education,Boston
inspectify,"Seattle, WA"
okcredit,"Bengaluru, India"
hypotenuse-ai,Singapore
lumi,"Los Angeles, CA"
dripos,New York
wallarm,San Francisco
calii,"Monterrey, Mexico"
cotter,San Francisco
insuremyteam,"Mumbai, India"
glide,San Francisco
edlyft,San Francisco
keyri,San Francisco
pagerduty,San Francisco
numary,"Paris, France"
factored-quality,
talus-bio,"Seattle, WA"
haven,New York
ananya-health,San Francisco
alpaca,"San Mateo, CA"
anakin,San Francisco
remora,"Detroit, MI"
protonet,
bikry,"Noida, India"
d-id,"Tel Aviv-Yafo, Israel"
liquifi,San Francisco
adaptyv-biosystems,"Lausanne, Switzerland"
voosh,"Bengaluru, India"
bluumbio,"Berkeley, CA"
solugen,"Houston, TX"
senpai-gg,Boston
ello,San Francisco
ssovereign,
explorex,"Bengaluru, India"
liv-labs-inc,"Chicago, IL"
inito,"Bengaluru, India"
kip-health,San Francisco
zenysis,San Francisco
fampay,"Bengaluru, India"
relativity-space,"Los Angeles, CA"
direct-match,New York
smartsite,"London, United Kingdom"
upbanx,"Jakarta, Indonesia"
itchy,"Stockholm, Sweden"
patientbank,San Francisco
carerev,"Los Angeles, CA"
labsimply,"Urbana, IL"
snippyly,San Francisco
alixia,San Francisco
partnered-2,New York
rescuetime,"Seattle, WA"
leon-and-george,"Los Angeles, CA"
fitia,"Lima, Peru"
farmstead,"San Mateo, CA"
flagright,"Berlin, Germany"
ambition,"Chattanooga, TN"
veera-health,"Mumbai, India"
lendflow,"Austin, TX"
capway,"Atlanta, GA"
turing-college,"Vilnius, Lithuania"
marketbase,
zeit-medical,"Redwood City, CA"
lighttwist,"Boulder, CO"
middesk,San Francisco
amberbox-gunshot-detection,San Francisco
forage,San Francisco
goldbelly,New York
swipe-2,"Hyderabad, India"
whyd,"Paris, France"
sway-finance,San Francisco
iris-automation,San Francisco
cointent,San Francisco
upsolve,New York
ijigg-top440,San Francisco
multiply-labs,San Francisco
reflect,"Villanova, PA"
yunit-inc,"Oakland, CA"
lootrush,San Francisco
legalist,San Francisco
pursuit,San Francisco
flow-club,San Francisco
remix-2,Palo Alto
athelas,Mountain View
gogograndparent,San Francisco
meesho,"Bengaluru, India"
scanate-fellow,
ziffyhomes,"Gurugram, India"
nearwave,"South Bend, IN"
hyper-2,San Francisco
navtrac,"San Jose, CA"
gtrack-technologies,San Francisco
current-foods,San Francisco
etleap,San Francisco
deskimo,Singapore
nebullam,"Ames, IA"
tienda-crypto,"Buenos Aires, Argentina"
voiq,"Redwood City, CA"
ironclad,San Francisco
mindmesh,Boston
dantehq,Singapore
method-financial,"Austin, TX"
persephone-biosciences,"San Diego, CA"
rezi,New York
crowdai,San Francisco
ready-education,"Montreal, Canada"
leadgenius,"Berkeley, CA"
mezli,"San Mateo, CA"
reebeez,"Austin, TX"
prelim,San Francisco
jumpcut,"Los Angeles, CA"
innov8,"New Delhi, India"
artillery,"Limerick, Ireland"
draftwise,New York
startplaying-games,San Francisco
bluelight,San Francisco
watu,New York
toolbox,New York
quickchat,"Warsaw, Poland"
elemeno-health,"Oakland, CA"
plangrid,San Francisco
hipmob,Palo Alto
hireart,New York
amiato,Palo Alto
joon,"Oakland, CA"
medigram,"Los Gatos, CA"
familyleaf,San Francisco
make-school,San Francisco
zillabyte,San Francisco
pixelapse,Palo Alto
screenleap-inc,"San Carlos, CA"
regent,Boston
iron-ox,"San Carlos, CA"
zaraz,San Francisco
swiftype,San Francisco
barsense,Mountain View
fond,San Francisco
socialcam,San Francisco
airbnb,San Francisco
paydragon,"Los Angeles, CA"
quartzy,"Hayward, CA"
clutch,San Francisco
theneo,"Seattle, WA"
dubjoy,San Francisco
cryptoseal,Mountain View
agilemd,San Francisco
bonsai-desk,"Atlanta, GA"
gocardless,"London, United Kingdom"
sift,San Francisco
videopixie,San Francisco
vapor,NY
markaz-technologies,"Islamabad, Pakistan"
brown-foods,Boston
postera,Boston
noora-health,"Bengaluru, India"
fitnessai,New York
milk-video,New York
greywing,Singapore
evidence,"Toronto, Canada"
abbot,San Francisco
pathmind,San Francisco
arylla,"Kitchener, Canada"
bitrise,"Budapest, Hungary"
demo-gorilla,San Francisco
wos,"Mexico City, Mexico"
the-centre-for-effective-altruism,"Oxford, United Kingdom"
no-lean-season,"Washington, DC"
ploomber,New York
nextmv,"Philadelphia, PA"
humi,"Toronto, Canada"
elucd,New York
passerine-aircraft,"Johannesburg, South Africa"
sigma-genetics,"Seattle, WA"
long-term-stock-exchange,San Francisco
autohub,San Francisco
comet-health,Palo Alto
storyboard,San Francisco
releaf,"Lagos, Nigeria"
fat-llama,"London, United Kingdom"
standard-cognition,San Francisco
upcodes,San Francisco
pathrise,San Francisco
aklimate,"London, United Kingdom"
mystery-org,San Francisco
advano,"New Orleans, LA"
mystro,San Francisco
escher-reality,"Sunnyvale, CA"
commissary-club,"Los Angeles, CA"
zendar,"Berkeley, CA"
officely,"London, United Kingdom"
followupthen,"San Jose, CA"
wheelstreet,"Bengaluru, India"
stipop,"Santa Monica, CA"
truevault,San Francisco
flutterflow,Mountain View
worklytics,"Seattle, WA"
quit-genius,New York
rainforest,San Francisco
avocademy,"Miami, FL"
tradewind-bioscience,San Francisco
tenyks,"Cambridge, United Kingdom"
skip,San Francisco
onyx-card,"Miami, FL"
ridecell,San Francisco
palla,"Miami, FL"
invoid,"Gurugram, India"
hyperlinq,"Austin, TX"
hightouch,San Francisco
beyond-aero,"Toulouse, France"
beau,"Nice, France"
yemaachi-biotechnology,"Accra, Ghana"
echoes-hq,"Amsterdam, Netherlands"
re-mint,San Francisco
teamspace,"London, United Kingdom"
defy,"Bengaluru, India"
appx,"New Delhi, India"
edustack,"Hyderabad, India"
kitchenful,New York
termii,"Lagos, Nigeria"
gather-2,San Francisco
kable,"Santa Monica, CA"
clarity,New York
batch,"Portland, OR"
stepful,New York
moving-parts,"Berlin, Germany"
neema,"Tel Aviv-Yafo, Israel"
netomi,"San Mateo, CA"
argonaut,"Sunnyvale, CA"
deed,New York
ancana,"Mérida, Mexico"
infracost,"Edinburgh, United Kingdom"
lovage-labs,"Lehi, UT"
rocket-pocket,"Jakarta, Indonesia"
onscale,New York
odys-aviation,"Los Angeles, CA"
boldvoice,New York
commandbar,San Francisco
mixr,"Toronto, Canada"
icracked,"Redwood City, CA"
shipblu,"Cairo, Egypt"
vessel,San Francisco
golinks,"San Jose, CA"
career-karma,San Francisco
glimpse-2,New York
flux-auto,"Bengaluru, India"
ramani,"Dar es Salaam, Tanzania"
localyze,"Hamburg, Germany"
brainboard,"Paris, France"
outloud-ai,"Miami, FL"
female-invest,"Copenhagen, Denmark"
brokrete,"Toronto, Canada"
gem,San Francisco
finflx,"Dubai, United Arab Emirates"
recidiviz,San Francisco
replit,San Francisco
soundboks,"Copenhagen, Denmark"
fello,"Bengaluru, India"
ubits,"Bogotá, Colombia"
toku,"Santiago, Chile"
palenca,"Mexico City, Mexico"
instakin,Boston
revenir,"London, United Kingdom"
inai,"Delaware City, DE"
convoy-2,"Lagos, Nigeria"
breadcrumbs-io,San Francisco
lilia,New York
waydev,San Francisco
suplias,"Lagos, Nigeria"
sketchdeck,San Francisco
cube,New York
korrai,Canada
mesh,"San Jose, CA"
clear,"London, United Kingdom"
nook,"Ho Chi Minh City, Vietnam"
lunasec,"Seattle, WA"
shelf-engine,"Seattle, WA"
buoyant-aero,San Francisco
abstra,"Rio de Janeiro, Brazil"
green-canopy-node,"Seattle, WA"
propreturns,"Mumbai, India"
contrast,New York
worldql,
sieve,"Berkeley, CA"
one-codex,San Francisco
powerhouse-ai,Singapore
firstignite,"Traverse City, MI"
giveaway,"Minsk, Belarus"
spotless-materials,"State College, PA"
kodex,Boston
basis-2,San Francisco
kodable,"San Diego, CA"
openinvest,San Francisco
paycrunch,"Bengaluru, India"
mecho-autotech,"Lagos, Nigeria"
marketforce,"Nairobi, Kenya"
savvy,San Francisco
stable,San Francisco
overview,San Francisco
harmonic-discovery,New York
unravel-carbon,Singapore
dyte,"Bengaluru, India"
heru,"Mexico City, Mexico"
hyperseed,San Francisco
ahazou,"São Paulo, Brazil"
monto-2,New York
pide-directo,"Monterrey, Mexico"
ankr-health,San Francisco
lucira-health,"Emeryville, CA"
jovian,"Bengaluru, India"
machine-zone,Palo Alto
captivateiq,San Francisco
ambient-ai,Palo Alto
union54,"Lusaka, Zambia"
atomic-alchemy,"Idaho Falls, ID"
kaipod-learning,Boston
brevy,"Houston, TX"
mini-exhibitions,New York
navattic,New York
hera,"Paris, France"
koala,San Francisco
v-flow-medical-inc,"San Clemente, CA"
posthog,San Francisco
burrow,New York
termius,
hiration,"New Delhi, India"
corveus-medical,"Houston, TX"
eden-workplace,San Francisco
kodda,"Monterrey, Mexico"
attain,"Berkeley, CA"
prelay,San Francisco
rinse,San Francisco
bitaccess,"Ottawa, Canada"
newcraft,New York
tempo,San Francisco
jupe,San Francisco
titan,New York
zorba,"Tel Aviv-Yafo, Israel"
lumify,San Francisco
bear-flag-robotics,"Newark, CA"
apollo-io,San Francisco
flowdash,San Francisco
yassir,Algeria
aleph-solutions,"Buenos Aires, Argentina"
nomod,"London, United Kingdom"
savein,India
clerky,"Emeryville, CA"
catena-biosciences,"Berkeley, CA"
chaldal,"Dhaka, Bangladesh"
opensea,New York
circle-medical,San Francisco
revenuecat,San Francisco
station,"Paris, France"
goodkind,"Toronto, Canada"
priceonomics,San Francisco
selia,"Bogotá, Colombia"
arengu,"A Coruña, Spain"
moxion-power-co,"Richmond, CA"
redcarpetup,"Gurugram, India"
stownest,"Bengaluru, India"
convictional,"Toronto, Canada"
neural-dynamics-technologies,Boston
enerjazz,India
numi,New York
wildfire,San Francisco
cache,San Francisco
andi,"Miami, FL"
prometheus,"Santa Cruz, CA"
comprehend,"Redwood City, CA"
slapdash,San Francisco
costcertified,"Calgary, Canada"
blackoaktv,New York
axolo,"Paris, France"
carbon-crusher,"Oslo, Norway"
zywa,"Dubai, United Arab Emirates"
bemlo,"Stockholm, Sweden"
mashgin,Palo Alto
shogun,Palo Alto
castled-data,"Bengaluru, India"
botcity,"São Paulo, Brazil"
salt-security,Palo Alto
truebill,San Francisco
digitalbrain,Palo Alto
ladder,"Atlanta, GA"
lawn-love,"San Diego, CA"
brite,"Salt Lake City, UT"
jabu-logistics,"Windhoek, Namibia"
kurios,"Lima, Peru"
epinoma,San Francisco
giveffect,New York
oneshop,San Francisco
gym-class-by-irl-studios,"Los Angeles, CA"
aeoncharge,"Seattle, WA"
workclout,"Los Angeles, CA"
solarmente,"Barcelona, Spain"
mindsdb,"Berkeley, CA"
gobillion,"New Delhi, India"
identitypass,"Lagos, Nigeria"
vue-storefront,"Warsaw, Poland"
epihub,New York
acho,Boston
flowbo-inc,"Los Angeles, CA"
enable-us,San Francisco
levo,"Mexico City, Mexico"
telivy,San Francisco
lendup,San Francisco
circa,"Santa Fe, NM"
poko,Singapore
benchling,San Francisco
glitzi,"Mexico City, Mexico"
revel,San Francisco
paladin-cyber,San Francisco
queue,"Miami, FL"
jumpstart,"Minneapolis, MN"
indivio,"Redwood City, CA"
parker,San Francisco
justo,"Providencia, Chile"
bukuwarung,Indonesia
pillar,"Austin, TX"
42,San Francisco
duffel,"London, United Kingdom"
eclipse-foods,"Oakland, CA"
spenmo,Singapore
portao-3,"Uberlândia, Brazil"
pipekit,San Francisco
cinapse,"Los Angeles, CA"
zitara-technologies-inc,San Francisco
kalam-labs,India
recurrency,"Los Angeles, CA"
bharatx,"Bengaluru, India"
legion-health,"Austin, TX"
ivella,"Santa Monica, CA"
cinder-2,"Washington, DC"
trackchain,"Monterrey, Mexico"
mentum,San Francisco
soteris,San Francisco
bumpline,San Francisco
pluggy,"São Paulo, Brazil"
infina,"Ho Chi Minh City, Vietnam"
flint,San Francisco
genomelink,"Berkeley, CA"
synder,San Francisco
abhi,"Karachi, Pakistan"
soraban,"Tempe, AZ"
intellect,Singapore
madeats,"Makati, Philippines"
amal-invest,"Abu Dhabi, United Arab Emirates"
filta,San Francisco
litnerd,New York
reploy,San Francisco
concord-materials,New York
shef,San Francisco
reprosent,"Los Gatos, CA"
idemeum,Palo Alto
veryfi-inc,"San Mateo, CA"
substack,San Francisco
akute-health,"Austin, TX"
pillar-2,San Francisco
matidor-com,"Vancouver, Canada"
rosebud-ai,San Francisco
memora-health,San Francisco
inscribe,San Francisco
leena-ai,"New Delhi, India"
unai,San Francisco
makani-science,"Irvine, CA"
bonsai,San Francisco
mobot,New York
filadd,"Córdoba, Argentina"
amenli,"Cairo, Egypt"
oda,"Los Angeles, CA"
momo-medical,San Francisco
mergequeue,San Francisco
flowly,"Los Angeles, CA"
ruth-health,"Los Angeles, CA"
andson-biotech,"Atlanta, GA"
heimdal,"Kailua-Kona, HI"
stack,"Bengaluru, India"
proxy,San Francisco
le-tote,San Francisco
arrow,Singapore
skio,New York
heyfood,"Ibadan, Nigeria"
activeloop,Mountain View
rivia-ai,"Bengaluru, India"
motion,San Francisco
svix,San Francisco
digibuild-software-inc,"Miami, FL"
jasper,"Austin, TX"
modal,San Francisco
floatpays-pty-ltd,"Cape Town, South Africa"
replicate,"Berkeley, CA"
papa,"Miami, FL"
scispot-io,"Kitchener, Canada"
processlabs,San Francisco
linen,New York
snapeda,San Francisco
dots,San Francisco
atmana,"Bengaluru, India"
fieldguide,San Francisco
mindfi,Singapore
rent-the-backyard,"Oakland, CA"
nomic-bio,"Montreal, Canada"
awesomic,"Stamford, CT"
ferveret-inc,"San Jose, CA"
verano-health,San Francisco
wantd,"Los Angeles, CA"
brainkey,San Francisco
akido-labs,"Los Angeles, CA"
endla,"Brisbane, Australia"
transastra-corporation,"Los Angeles, CA"
snapcalorie,"Washington, DC"
noya,San Francisco
buzzle,"Philadelphia, PA"
chaingrep,
amplitude,San Francisco
revolve-surgical,"Toronto, Canada"
vendease,"Lagos, Nigeria"
fobo,San Francisco
venue-live,"Toronto, Canada"
meru-health,"San Mateo, CA"
porter,New York
kapital,"Mexico City, Mexico"
airmyne,"Berkeley, CA"
nova,San Francisco
emi-labs,"Buenos Aires, Argentina"
electroneek,"Austin, TX"
adra,Singapore
fibo,San Francisco
spark-studio,"Bengaluru, India"
spiral-genetics,"Seattle, WA"
hideout,"Los Angeles, CA"
generally-intelligent,San Francisco
the-breakaway,"Truckee, CA"
windsor,San Francisco
mason,"Seattle, WA"
numida,"Kampala, Uganda"
tenjin,San Francisco
r2,"Mexico City, Mexico"
anfin,"Ho Chi Minh City, Vietnam"
theorem-lp,San Francisco
juni-learning,San Francisco
fightcamp,"Newport Beach, CA"
tybr-health,"Houston, TX"
chipax,"Santiago, Chile"
luable,"Bogotá, Colombia"
finary,New York
bxblue,Brazil
pantheon,San Francisco
avion-school,"Manila, Philippines"
recall-ai,"Waterloo, Canada"
frontpage,"Bengaluru, India"
homebreeze,"Los Angeles, CA"
clever,San Francisco
fingo-africa,"Nairobi, Kenya"
eight-sleep,New York
quadrant-eye,San Francisco
codex,Canada
verihubs,"Jakarta, Indonesia"
weav,New York
ashby,San Francisco
magna,New York
heo-robotics,"Sydney, Australia"
wyndly,New York
flockjay,San Francisco
ennerate,San Francisco
guilded,San Francisco
streak,San Francisco
cyble,"Atlanta, GA"
platejoy,San Francisco
rutter,San Francisco
rippling,San Francisco
careerist,"Sunnyvale, CA"
grey,"Lagos, Nigeria"
noloco,"Dublin, Ireland"
opvia,"London, United Kingdom"
popl,"Los Angeles, CA"
friz,Singapore
jiga,"Tel Aviv-Yafo, Israel"
karate-labs,"Wilmington, DE"
functionup-fanplay,"Bengaluru, India"
salarybox,"Gurugram, India"
coverified,"Cambridge, MA"
drchrono,CA
encord,"London, United Kingdom"
mdalgorithms-inc,San Francisco
buildstream,New York
smartasset,New York
trexo-robotics,"Toronto, Canada"
jetdocs,"Toronto, Canada"
cypherd-wallet,"Mill Creek, WA"
grain,"Oakland, CA"
safer-management,"Dallas, TX"
clearmix,New York
loop-support,San Francisco
shoobs,"London, United Kingdom"
coinrule,"London, United Kingdom"
ophelia,New York
ai-insurance,San Francisco
slai,"Cambridge, MA"
pylon,"Cairo, Egypt"
superpowered,"Toronto, Canada"
povio,San Francisco
charge-robotics,"Oakland, CA"
kapacity-io,"Helsinki, Finland"
olympian-motors,"Los Angeles, CA"
trueplace,"Vancouver, Canada"
expo,Palo Alto
piggy,"Mumbai, India"
wasp,"Zagreb, Croatia"
joinsub,Palo Alto
formal,New York
atmos,San Francisco
brave-care,"Portland, OR"
finary-com,"Paris, France"
realize,New York
text-blaze,San Francisco
pronto,"Mexico City, Mexico"
rebank,"London, United Kingdom"
podium,"Lehi, UT"
synapticure,"Chicago, IL"
gainful,New York
dharma-labs,San Francisco
rocketlit,"Santa Monica, CA"
forest,San Francisco
snab,"Madrid, Spain"
yatima-inc,Boston
rainbow,New York
demodesk,"Munich, Germany"
bracket,"Los Angeles, CA"
lion-pose,San Francisco
backpack,San Francisco
hitpay,Singapore
siglo,"Mexico City, Mexico"
raptor-maps,"Somerville, MA"
belvo,"Mexico City, Mexico"
axis,New York
voize,"Berlin, Germany"
tyltgo,"Kitchener, Canada"
reach-labs,"Emeryville, CA"
osmind,San Francisco
axle-health,"Los Angeles, CA"
cointracker,San Francisco
nala,"Dar es Salaam, Tanzania"
smarthelio,"Lausanne, Switzerland"
stripe,San Francisco
landed,San Francisco
netmaker,"Asheville, NC"
algofi,New York
stilt-dba-onbo,San Francisco
nuvocargo,"Mexico City, Mexico"
billiontoone,"Menlo Park, CA"
observe-ai,San Francisco
sayana,San Francisco
wagetap,"Sydney, Australia"
nash,San Francisco
depict,"Stockholm, Sweden"
yoshi,"Nashville, TN"
momentus,"Santa Clara, CA"
allure-systems,New York
lowkey,San Francisco
a-thinking-ape,"Vancouver, Canada"
nomad-rides,San Francisco
phykos,San Francisco
pomello,San Francisco
dreamcraft-entertainment-inc,"Redwood City, CA"
roofr,San Francisco
mozart-data,San Francisco
wishroll,New York
hannah-life-technologies,Singapore
arketa,"Los Angeles, CA"
dailybot,"Pereira, Colombia"
sigmaos,"London, United Kingdom"
shuttle,"London, United Kingdom"
preflight,"Chicago, IL"
delt-ai,"Mexico City, Mexico"
uiflow,San Francisco
apero-health,San Francisco
vena-vitals,"Irvine, CA"
pyxai,Boston
blixo,"Miami, FL"
quik,"Maracaibo, Venezuela"
nabla-bio,Boston
slash,Palo Alto
ascen,Boston
maroo,New York
warmly,"Denver, CO"
resquared,"Philadelphia, PA"
cleartax,"Bengaluru, India"
runway,New York
synth-2,"Bengaluru, India"
segna,"Auckland, New Zealand"
clip-health,"Milpitas, CA"
vinebox,San Francisco
kiter,San Francisco
meru-com,"Mexico City, Mexico"
yummy-future,"Champaign, IL"
transfez,"Jakarta, Indonesia"
rownd,"Raleigh, NC"
gojom,"Lima, Peru"
deepsource,San Francisco
payflow,"Barcelona, Spain"
engage-bio,"Santa Clara, CA"
metaphor,New York
coursedog,New York
dataherald,"Los Angeles, CA"
gridware,"Walnut Creek, CA"
orchata,"Monterrey, Mexico"
algouniversity,"Hyderabad, India"
datasaur,"Sunnyvale, CA"
iona-mind,"London, United Kingdom"
fundersclub,San Francisco
daily,San Francisco
zeo-auto,"Mumbai, India"
bot-md,Singapore
loops,"Washington, DC"
ontop,"Bogota, Colombia"
moneytree,"Los Angeles, CA"
verifiable,San Francisco
gusto,San Francisco
uberduck,"Seattle, WA"
fleetzero,"Houston, TX"
carupi,"São Paulo, Brazil"
corvus-robotics,Boston
bottomless,"Seattle, WA"
alphaflow,San Francisco
easol,"London, United Kingdom"
bikayi,"Bengaluru, India"
homebase,"Ho Chi Minh City, Vietnam"
observant,San Francisco
blissway,"Denver, CO"
kunduz,"İstanbul, Turkey"
charge-running,"Chicago, IL"
realcrowd,"Portland, OR"
cowrywise,"Lagos, Nigeria"
fair-square-medicare,San Francisco
zealth,"Bengaluru, India"
may-mobility,"Ann Arbor, MI"
fondo,San Francisco
grubmarket,San Francisco
gerald-technologies-inc,New York
modernloop,"San Mateo, CA"
fivetran,"Oakland, CA"
clupp,"Mexico City, Mexico"
nestor,"San Jose, CA"
the-custom-movement,Palo Alto
proper,San Francisco
craniometrix,San Francisco
odeko,New York
platzi,San Francisco
snapdocs,San Francisco
tesseract,"Livermore, CA"
postscript,"Phoenix, AZ"
rinsed,New York
teleo,Palo Alto
rook,San Francisco
teleport,"Oakland, CA"
popsql,San Francisco
optic,New York
reverie-labs,"Cambridge, MA"
mentorcam,"Los Angeles, CA"
vergesense,San Francisco
credibook,"Jakarta, Indonesia"
54gene,"Lagos, Nigeria"
scanwell-health,"Los Angeles, CA"
reliance-health,"Lagos, Nigeria"
datree,"Tel Aviv-Yafo, Israel"
hyper,Mountain View
padlet,San Francisco
pelm,San Francisco
purple-plate,San Francisco
dots-2,San Francisco
trela,"São Paulo, Brazil"
zoko,"Bengaluru, India"
mono-2,"Bogotá, Colombia"
skyscrape,"Portland, OR"
agency,New York
humanloop,"London, United Kingdom"
greenwork,San Francisco
cogram,San Francisco
manara,"Berkeley, CA"
kovi,"São Paulo, Brazil"
spinach-io,
mayan,"Las Vegas, NV"
c16-biosciences,New York
openops,San Francisco
super,"Surabaya, Indonesia"
vecindario,"Medellín, Colombia"
metaplane,Boston
zip,San Francisco
zepto,"Mumbai, India"
heart-aerospace,"Gothenburg, Sweden"
tablevibe-co,Singapore
propelauth,CA
trusty,San Francisco
pano,"Mill Valley, CA"
jerry-inc,Palo Alto
fountain,San Francisco
arpio,"Durham, NC"
cococart,Singapore
beacons,San Francisco
verdn,"London, United Kingdom"
nexus,Mountain View
toko,San Francisco
valari,"Mexico City, Mexico"
power-to-the-brand,Singapore
percept-ai,"Sunnyvale, CA"
daybreak-health,San Francisco
baraka,"Dubai, United Arab Emirates"
floweq,"Pleasanton, CA"
quan,"The Hague, Netherlands"
youteam,Mountain View
modern-treasury,San Francisco
liveflow,"London, United Kingdom"
newfront-insurance,San Francisco
xkit,San Francisco
vetcove,"Miami, FL"
stackshine,"Los Angeles, CA"
nurx,CA
front,San Francisco
flock-safety,"Atlanta, GA"
cyberdontics,Boston
shaped,New York
cumbuca,"São Paulo, Brazil"
pay-swifter,"Bengaluru, India"
crew,"Paris, France"
rescale,San Francisco
tenant-turner,"Richmond, VA"
coast,"Evanston, IL"
instawork,San Francisco
prefix,"Los Altos, CA"
scale-ai,San Francisco
simplehash,San Francisco
dashlabs-ai,"Manila, Philippines"
atomic-industries,"Los Angeles, CA"
sophys-health,San Francisco
livi,San Francisco
atob,San Francisco
fly-io,"Chicago, IL"
rootly,San Francisco
binks,"Bengaluru, India"
drip-capital,"Mumbai, India"
torch,San Francisco
nova-2,San Francisco
output,New York
clicoh,"Córdoba, Argentina"
embrace,"Los Angeles, CA"
opkit,New York
mystic-ai,"Bath, United Kingdom"
sleek,"Toronto, Canada"
lofty,"Miami, FL"
point,San Francisco
lucid-drone-tech,"Charlotte, NC"
nimbus-2,San Francisco
zerocater,San Francisco
narrator,New York
feather,New York
awari,"São Paulo, Brazil"
clay,"Los Angeles, CA"
trebol,"Bogotá, Colombia"
sendme-inc,"Ibadan, Nigeria"
remi-labs,"Salt Lake City, UT"
featurepeek,San Francisco
cafe,"Paris, France"
presto,"Redwood City, CA"
tavus,San Francisco
dover,San Francisco
glocally,"Munich, Germany"
unflow,"Dublin, Ireland"
forage-2,"Los Angeles, CA"
optery,"Walnut Creek, CA"
swadesh,New York
decent,"Los Angeles, CA"
ravn,San Francisco
firezone,Mountain View
discz-music,New York
govly,"Denver, CO"
rome,San Francisco
pyrls,"Minneapolis, MN"
alpas,"Berlin, Germany"
hotglue,"Washington, DC"
flightcontrol,"Dayton, OH"
juniper,New York
dreamworld,San Francisco
maindrop,"Nashville, TN"
cambly,San Francisco
strive-math,Singapore
rendalo-maq,"Santiago, Chile"
superside,"Oslo, Norway"
dart,"Redwood City, CA"
carbonfact,"Paris, France"
repool,New York
souffle-club,San Francisco
wasmer,San Francisco
blaze,San Francisco
happilabs,"Chicago, IL"
onebrief,"Austin, TX"
workramp,San Francisco
soteri-skin,San Francisco
winter,San Francisco
sendbird,"San Mateo, CA"
correlia-biosystems,"Berkeley, CA"
orangewood-labs,San Francisco
gemnote,"San Leandro, CA"
banner,San Francisco
volley,San Francisco
aerotime,San Francisco
blitzllama,"Bengaluru, India"
tradezi,Singapore
khatabook,"Bengaluru, India"
jeevam-health,"Bengaluru, India"
paycaddy,"Panama City, Panama"
ozone,San Francisco
stayflexi,San Francisco
sarus,"Paris, France"
drifting-in-space,New York
infeedo,New York
contentfly,"Toronto, Canada"
zeplin,San Francisco
alinea,New York
people-ai,San Francisco
mahaana-wealth,"Islamabad, Pakistan"
dressd,"Los Angeles, CA"
nftscoring,New York
berbix,San Francisco
janani-life,"Bengaluru, India"
promoted,San Francisco
deall-sejutacita,"Jakarta, Indonesia"
streak-2,"Bengaluru, India"
marketfeed,"Kochi, India"
pina,"Jakarta, Indonesia"
wingback,San Francisco
humand,San Francisco
syrona-health,"London, United Kingdom"
sourcify,"San Diego, CA"
kula,"London, United Kingdom"
zumo-labs,San Francisco
first,"Philadelphia, PA"
gather,"Cleveland, OH"
logdna,Mountain View
bunkerhill-health,Palo Alto
athens-research,San Francisco
whatnot,"Los Angeles, CA"
samos-insurance,"Kitchener, Canada"
yodaa,"Bengaluru, India"
scholarsite,San Francisco
secoda,"Toronto, Canada"
together-software,"Toronto, Canada"
tackle,"Santa Clara, CA"
better-financial-corporation,New York
lariat-data,New York
kaagaz,"New Delhi, India"
